dev,name,batch_size,_compile.compile_inner,compile_attempt_0,bytecode_tracing,variable_builder_call,compile_attempt_1,create_proxy,wrap_to_fake_tensor_and_record,build_guards,gc,get_fake_value,insert_deferred_runtime_asserts,OutputGraph.call_user_compiler,inductor_import,inductor_codecache_torch_key,_recursive_pre_grad_passes,pass.pre_grad_passes.group_batch_fusion_passes,pass.pre_grad_passes.efficient_conv_bn_eval_pass,pass.pre_grad_passes.apply_gumbel_max_trick_pass,create_aot_dispatcher_function,aot_collect_metadata,compile_fx.<locals>.fw_compiler_base,_recursive_joint_graph_passes,pass.joint_graph_passes.remove_noop_ops,pass.joint_graph_passes.constant_fold_uniform_value,pass.joint_graph_passes.pass_pattern_0,pass.joint_graph_passes.pass_pattern_1,compile_fx_inner,fx_codegen_and_compile,CacheBase.get_system.triton_key,TritonBundler.read_and_emit,PyCodeCache.load_by_key_path,compile_file,async_compile.wait,aot_trace_joint_graph,min_cut_rematerialization_partition,additional_fake_tensor_prop,_recursive_post_grad_passes,pass.post_grad_passes.remove_profiler_ops,pass.post_grad_passes.post_grad_custom_pre_pass,pass.post_grad_passes.remove_noop_ops,pass.post_grad_passes.remove_assert_ops,pass.post_grad_passes.pass_pattern_0,pass.post_grad_passes.pass_pattern_1,pass.post_grad_passes.pass_pattern_2,pass.post_grad_passes.stable_sort,pass.post_grad_passes.move_constructors_to_cuda,pass.post_grad_passes.reinplace_inplaceable_ops,pass.post_grad_passes.decompose_triton_kernel_wrapper_functional,pass.post_grad_passes.decompose_auto_functionalized,pass.post_grad_passes.decompose_scan_to_while_loop,pass.post_grad_passes.decompose_map_to_while_loop,GraphLowering.run,GraphLowering.compile_to_fn,GraphLowering.compile_to_module,GraphLowering.codegen,Scheduler.__init__,Scheduler.fused_nodes,Scheduler.codegen,PythonWrapperCodegen.generate,TritonBundler.collect,CachingAutotuner.benchmark_all_configs,pass.post_grad_passes.reorder_for_locality,compile_attempt_2,pgo.dynamic_whitelist,AOTAutogradCache.inductor_load,TritonBundler.load_cached_static_autotuners,StaticAutotunerFuture.warm_precompile,backward._backward_impl,compile_fx.<locals>.bw_compiler
xpu,nvidia_deeprecommender,256,5.677790,0.194424,0.254657,0.097870,5.350259,0.008873,0.020012,0.122791,0.004734,0.055225,0.002240,5.231187,0.715112,0.146090,1.040234,0.004296,0.000049,0.000111,0.000030,3.443612,0.038855,0.187943,1.367690,0.001639,0.005814,0.985920,0.000102,0.052703,1.770375,3.776330,3.773080,0.051403,0.066036,0.000198,0.000074,0.001324,0.000045,0.000029,0.020955,0.001052,0.000407,0.000551,0.009278,0.000152,0.000465,0.000092,0.000078,0.191272,3.395550,3.395449,0.513126,0.171572,0.071094,0.322978,0.014936,2.880706,0.566746,2.304216,0.005605,1.245892,2.018591,2.006357,0,0,0,0,0,0,0
xpu,dcgan,32,6.071983,0.215445,0.280473,0.119686,5.707990,0.011099,0.026141,0.139031,0.003443,0.076908,0.003083,5.581816,0.712627,0.147051,1.089955,0.004865,0.000056,0.000267,0.000035,3.742529,0.056361,0.223566,0.366182,0.002462,0.007608,0.003177,0.001885,0.074340,2.984360,4.584175,4.579968,0.085517,0.114865,0.000140,0.000075,0.002023,0.000047,0.000028,0.027122,0.000928,0.000555,0.000682,0.013377,0.000185,0.000657,0.000095,0.000080,0.771912,3.500139,3.500025,1.438281,0.666857,0.239577,0.725832,0.040610,2.059092,2.044803,0.016629,2.826085,1.614860,1.600282,0,0,0,0,0,0,0,0
xpu,maml_omniglot,5,6.225082,0.215567,0.282544,0.125842,5.862960,0.010931,0.027744,0.137687,0.003097,0.072084,0.003131,5.735326,0.713007,0.149149,1.118294,0.004970,0.000053,0.000274,0.000040,3.866455,0.054413,0.295324,1.210830,0.001583,0.008802,0.852286,0.001887,0.071999,2.197083,6.269270,6.264346,0.093937,0.076431,0.000139,0.000081,0.001233,0.000045,0.000028,0.021210,0.001168,0.000539,0.000686,0.013452,0.000170,0.000631,0.000096,0.000079,0.731582,5.256794,5.256683,1.797355,0.750688,0.192412,1.004651,0.037029,3.457126,3.444440,0.014218,2.253092,4.086807,4.072639,0,0,0,0,0,0,0,0
xpu,microbench_unbacked_tolist_sum,1,0.860272,0.627859,0.621057,0.195288,0.067128,0.078518,0.013972,0.154403,0.001962,0.058697,0,0,0,0,0,0,0,0,0,0,0,0,0,0,0,0,0,0,0,0,0,0,0,0,0,0,0,0,0,0,0,0,0,0,0,0,0,0,0,0,0,0,0,0,0,0,0,0,0,0,0,0,0,0,0,0,0,0,0
xpu,dlrm,1024,5.606028,0.307987,0.432784,0.182924,5.142716,0.021011,0.045655,0.146988,0.001776,0.104512,0.004634,4.939109,0.713999,0.147095,1.098607,0.005503,0.000050,0.000191,0.000029,3.084526,0.063573,0.232582,1.052158,0.001615,0.007504,0.675174,0.000073,0.055424,1.653844,3.651767,3.647594,0.057629,0.053309,0.000117,0.000075,0.000999,0.000044,0.000027,0.004256,0.001452,0.000466,0.000555,0.010938,0.000159,0.000535,0.000094,0.000078,0.321537,3.122845,3.122743,0.825841,0.327034,0.160583,0.443938,0.049436,2.295162,0.507810,1.765663,0.009329,2.018525,2.011656,1.998375,0,0,0,0,0,0,0
xpu,resnet18,16,12.029773,0.553546,0.931678,0.357213,11.261036,0.054229,0.112664,0.202866,0.002930,0.181909,0.010064,10.793868,0.713668,0.141577,1.131177,0.006862,0.000057,0.000943,0.000034,8.686234,0.147449,1.022764,0.265397,0.008583,0.043678,0.015809,0.011310,0.565509,6.535588,14.438162,14.418732,0.329421,0.343483,0.000461,0.000075,0.006693,0.000053,0.000028,0.136046,0.005944,0.002678,0.003052,0.071571,0.000174,0.002751,0.000097,0.000081,1.977995,11.390403,11.390282,7.991413,3.294465,0.888492,4.502154,0.179314,3.394342,3.355813,0.047007,7.515988,7.962932,7.903229,0,0,0,0,0,0,0,0
xpu,squeezenet1_1,32,17.112843,0.334906,0.562274,0.222583,16.599724,0.033753,0.059192,0.167808,0.002744,0.091493,0.007044,16.297779,0.737915,0.152757,1.109828,0.005917,0.000055,0.000278,0.000029,14.392622,0.089783,0.707250,0.211030,0.003767,0.015951,0.002471,0.000039,0.091843,13.230645,20.727490,20.721231,0.157321,0.085592,0.000152,0.000087,0.001573,0.000046,0.000028,0.009554,0.001044,0.000773,0.000873,0.021268,0.000173,0.000812,0.000115,0.000079,0.868764,19.352097,19.351973,6.725237,2.575404,0.372137,3.995128,0.143510,12.623691,12.595925,0.066793,10.686185,7.529409,7.497395,0,0,0,0,0,0,0,0
xpu,hf_Albert,8,20.318866,1.033620,1.849313,0.169529,19.128888,0.115977,0.038164,0.143157,0.003160,0.579295,0.017073,18.230131,0.860978,0.151156,1.101200,0.009104,0.000057,0.000870,0.000032,16.210544,0.392709,3.002436,1.395950,0.044069,0.176478,0.863600,0.016002,1.050774,10.053284,24.361502,23.960067,0.630028,1.819054,0.000965,0.000080,0.015383,0.000062,0.000042,0.364432,0.439975,0.006217,0.007829,0.163117,0.000210,0.006189,0.000127,0.000082,3.258439,17.731242,17.731125,10.318620,4.853705,2.778026,5.244360,0.204092,7.407939,7.357160,0.019572,3.109386,14.898201,14.308980,0,0,0,0,0,0,0,0
xpu,BERT_pytorch,16,25.809667,1.642005,3.592827,1.225829,23.854890,0.269021,0.522622,0.289107,0.001848,0.888866,0.048342,21.722833,0.946149,0.192522,1.098677,0.010514,0.000054,0.001416,0.000031,19.534013,0.440125,3.478182,2.508044,0.042316,0.109635,1.816286,0.008372,1.486635,11.265440,22.309253,22.263476,0.808508,1.528733,0.001095,0.000087,0.016430,0.000068,0.000029,0.389180,0.022951,0.007379,0.009494,0.522533,0.000217,0.007420,0.000136,0.000088,4.197549,14.963083,14.962954,13.341968,6.742935,4.174769,6.297858,0.272115,1.616783,1.554565,0.016198,2.822783,11.233683,11.044772,0,0,0,0,0,0,0,0
xpu,drq,1,6.666087,0.752263,0.656855,0.242027,5.716376,0.024826,0.042095,0.184119,0.004522,0.099655,0.006723,5.724163,0.718658,0.149734,1.098992,0.005329,0.000079,0.000205,0.000060,3.797430,0.066637,0.237812,1.159662,0.002582,0.008195,0.793325,0.001046,0.054533,2.243000,4.944453,4.940020,0.058373,0.079385,0.000183,0.000124,0.001650,0.000086,0.000056,0.017867,0.001794,0.000483,0.000600,0.010030,0.000297,0.000579,0.000177,0.000153,0.238515,4.430392,4.430197,0.982351,0.456502,0.202243,0.483589,0.035823,3.467540,3.444405,0.022910,5.104396,2.718592,2.702212,0.049387,0.006770,0.003353,0.013000,0,0,0,0
xpu,hf_T5,8,29.928629,1.888757,3.827373,0.667170,27.697571,0.276580,0.140720,0.319436,0.001854,1.171261,0.036551,25.615613,0.585704,0.145689,1.117672,0.014213,0.000054,0.001926,0.000032,23.784642,0.638113,4.252022,1.907770,0.063274,0.117872,1.125987,0.003124,1.553695,15.032783,29.519186,29.466890,0.916968,1.929194,0.001242,0.000082,0.025131,0.000063,0.000034,0.499767,0.009777,0.008155,0.009697,0.400378,0.000214,0.008717,0.000141,0.000085,4.418357,21.371390,21.371261,10.630166,4.868512,2.617691,5.425301,0.300632,10.736213,10.658729,0.032030,4.623243,15.198240,14.487472,0,0,0,0,0,0,0,0
xpu,hf_Bart,4,13.508536,11.161983,1.083885,0.426510,1.914679,0.040499,0.085291,0.391327,0.015990,0.217796,0.012638,11.791219,0.590290,0.145982,1.098513,0.017340,0.000410,0.000159,7.542907,0.000912,6.259988,0.009183,0.000216,0.000699,0.000197,10.004569,0.173042,0.800635,1.033627,0.011579,0.030216,0.737303,0.003892,0.230934,7.603917,13.262382,13.243818,0.210221,0.321956,0.000686,0.000375,0.005286,0.000264,0.000169,0.112626,0.006051,0.002160,0.002570,0.050659,0.000998,0.002550,0.000567,0.000492,1.370563,10.974231,10.973602,3.429034,1.503151,0.702907,1.827023,0.082229,1.246300,0.024947,3.710674,0.000192,5.724620,5.666118,0,0
xpu,phlippe_densenet,128,28.352954,1.672419,2.871151,0.928843,25.780915,0.142923,0.279597,0.878607,0.002473,0.735412,0.024934,24.434361,0.710822,0.145644,1.125080,0.009967,0.000046,0.002156,0.000035,22.408353,0.498252,2.967418,1.169708,0.024703,0.115164,0.797148,0.028783,1.447221,15.949177,28.277132,28.228920,1.027489,0.886444,0.001123,0.000076,0.020034,0.000062,0.000029,0.360871,0.015024,0.007401,0.008869,0.190961,0.000216,0.007453,0.000146,0.000084,5.447829,19.936295,19.936169,18.915185,8.033164,2.800759,10.310415,0.536755,1.010713,0.920302,0.103025,15.635462,12.500463,12.329040,0,0,0,0,0,0,0,0
xpu,mnasnet1_0,32,24.109762,1.345997,2.484278,1.045044,22.425151,0.129311,0.271122,0.319921,0.002338,0.515845,0.023317,21.146687,0.712409,0.141870,1.043107,0.008872,0.000050,0.002057,0.000034,19.209318,0.378159,2.697200,0.383090,0.019723,0.103560,0.028007,0.028198,1.129131,14.270064,32.171611,31.840819,0.853483,0.869054,0.001043,0.000076,0.017890,0.000060,0.000029,0.356260,0.013735,0.007158,0.008857,0.188380,0.000212,0.007232,0.000135,0.000082,5.246212,23.914488,23.914168,21.555555,7.487963,2.372464,13.363982,0.669569,2.348320,2.253765,0.124525,18.325576,18.060700,17.902504,0,0,0,0,0,0,0,0
xpu,resnet50,32,23.745734,1.241970,2.427412,1.045800,22.159567,0.137791,0.278222,0.323530,0.002521,0.403485,0.024226,20.830363,0.737569,0.148522,1.128565,0.010329,0.000062,0.002214,0.000035,18.781190,0.344203,2.881236,0.403053,0.023208,0.114624,0.030268,0.028986,1.129380,13.381891,25.234539,25.186258,0.834769,0.892562,0.001110,0.000079,0.018492,0.000071,0.000030,0.357062,0.014063,0.007372,0.009226,0.198394,0.000206,0.007145,0.000129,0.000080,5.071108,17.551290,17.551157,15.985565,6.185917,2.450334,9.269716,0.495068,1.557787,1.474682,0.060172,9.524479,12.015256,11.853668,0,0,0,0,0,0,0,0
xpu,fastNLP_Bert,6,24.013058,21.530578,1.932163,0.568119,2.049322,0.090036,0.113407,0.405137,0.008494,0.531928,0.029327,21.427203,0.710621,0.145357,1.107385,0.024789,0.000750,0.000301,2.048465,0.001924,1.968432,0.010622,0.000105,0.001260,0.000087,20.563760,0.539494,3.886742,4.009000,0.042567,0.093819,3.416369,0.014360,1.168522,10.395774,22.229938,22.181061,1.082040,1.443558,0.001168,0.000186,0.017181,0.000148,0.000084,0.354490,0.022073,0.007439,0.009324,0.508840,0.000545,0.007554,0.000319,0.000250,3.635569,15.319327,15.319008,13.273317,6.364237,3.520101,6.595470,0.280088,0.016694,2.892474,12.030222,11.835853,0,0,0,0
xpu,phlippe_resnet,128,11.697954,0.541413,0.919865,0.375734,10.992410,0.053024,0.109492,0.153095,0.002180,0.159175,0.010045,10.526514,0.880959,0.148641,1.126682,0.006305,0.000054,0.000894,0.000037,8.434201,0.128445,0.937733,1.071115,0.009269,0.042094,0.824606,0.011002,0.538339,5.612545,10.738406,10.719278,0.300002,0.336238,0.000434,0.000083,0.006507,0.000053,0.000029,0.132727,0.005807,0.002581,0.002962,0.069948,0.000185,0.002713,0.000099,0.000079,1.781945,7.966932,7.966819,6.589262,2.836465,1.101017,3.558940,0.179721,1.373912,1.341344,0.032164,5.979829,5.186497,5.126501,0,0,0,0,0,0,0,0
xpu,hf_Bert,4,20.278684,1.374902,2.824399,0.749668,18.591207,0.159650,0.196905,0.297522,0.002254,0.835181,0.021748,17.009298,0.599797,0.150483,1.116642,0.009228,0.000056,0.001006,0.000030,15.152800,0.379739,3.031165,2.789574,0.046985,0.182327,1.730868,0.015062,1.209565,7.403243,18.515361,18.468250,0.750053,1.495712,0.001022,0.000082,0.019223,0.000068,0.000030,0.404301,0.032932,0.007298,0.009135,0.189358,0.000227,0.007336,0.000139,0.000084,3.541801,12.017552,12.017429,11.434626,5.229014,2.362245,5.890989,0.284849,0.578132,0.511419,0.015477,2.508069,11.301111,11.113161,0,0,0,0,0,0,0,0
xpu,functorch_dp_cifar10,64,11.907789,0.377323,0.633605,0.245816,11.339880,0.037195,0.066896,0.179752,0.002592,0.121257,0.007074,11.006078,0.710719,0.145397,1.106636,0.005639,0.000050,0.000284,0.000032,9.129854,0.114098,1.430837,0.560955,0.022804,0.052023,0.263425,0.009834,0.671690,6.173637,18.109945,18.087528,0.428756,0.420055,0.000581,0.000088,0.008257,0.000054,0.000028,0.154047,0.005266,0.003500,0.004372,0.090489,0.000223,0.003614,0.000109,0.000079,2.076469,14.706659,14.706543,9.312441,4.861714,2.698719,4.276229,0.161236,5.389394,5.355689,0.064080,10.932619,12.040872,11.937037,0,0,0,0,0,0,0,0
xpu,timm_efficientnet,32,29.160860,1.691590,3.124138,1.259072,26.874241,0.168216,0.311817,0.566233,0.002461,0.615260,0.027702,25.256809,0.718700,0.149649,1.090087,0.010082,0.000054,0.002252,0.000036,23.243422,0.455827,3.304520,0.447885,0.029204,0.124437,0.045965,0.035422,1.789210,16.724705,43.924433,43.861083,1.263083,1.560580,0.001355,0.000095,0.029202,0.000070,0.000031,0.516812,0.021203,0.009620,0.012899,0.260276,0.000230,0.009669,0.000160,0.000085,6.719614,32.997435,32.997300,25.687602,9.985297,3.841378,14.714220,0.940956,7.295372,7.157621,0.192023,27.730510,27.464080,27.201003,0,0,0,0,0,0,0,0
xpu,Background_Matting,4,28.165192,1.180116,2.341016,0.854509,26.640332,0.307928,0.279991,0.325524,0.002099,0.362524,0.024360,25.327699,0.721741,0.147379,1.100373,0.009769,0.000048,0.002028,0.000034,23.325079,0.307103,4.108753,0.658910,0.027239,0.185995,0.160361,0.046955,1.598833,16.133122,49.611973,49.557919,0.936017,1.031622,0.001232,0.000081,0.019660,0.000062,0.000029,0.396578,0.027506,0.008638,0.010852,0.225877,0.000223,0.009014,0.000146,0.000080,6.555576,40.089959,40.089839,34.193392,16.943003,10.428161,16.712109,0.504011,5.888053,5.796319,0.089513,18.014331,33.699987,33.479877,0,0,0,0,0,0,0,0
xpu,pytorch_stargan,16,12.427527,0.473548,0.799809,0.291126,11.756767,0.037408,0.083380,0.186490,0.002318,0.207982,0.007842,11.347147,0.722880,0.143536,1.039390,0.006636,0.000053,0.000310,0.000030,9.513717,0.392894,1.174087,0.480176,0.022527,0.046023,0.195113,0.010359,0.583672,6.721881,14.556539,14.536990,0.333768,0.335705,0.000482,0.000089,0.007672,0.000056,0.000028,0.114820,0.004119,0.002901,0.003406,0.076893,0.000198,0.002939,0.000100,0.000078,2.238311,11.222851,11.222655,6.563959,3.224071,1.432862,3.189266,0.138004,4.655243,4.624587,0.058592,11.136116,7.902911,7.835298,0,0,0,0,0,0,0,0
xpu,functorch_maml_omniglot,1,4.995011,0.193883,0.248384,0.109793,4.646527,0.009071,0.021522,0.144302,0.003956,0.065113,0.002811,4.532269,0.714587,0.148178,1.101931,0.004772,0.000049,0.000259,0.000035,2.681887,0.046349,0.260694,0.368409,0.001363,0.007502,0.015353,0.001843,0.060849,1.912995,6.565536,6.561820,0.088345,0.067442,0.000125,0.000072,0.001073,0.000043,0.000026,0.016666,0.000726,0.000483,0.000650,0.011364,0.000171,0.000538,0.000092,0.000076,0.504689,5.808207,5.808095,1.961325,0.956747,0.428104,0.965010,0.034557,3.844272,0.006773,3.821896,0.010704,0.938415,4.667261,4.652990,0,0,0,0,0,0,0
xpu,hf_T5_base,8,49.913828,3.654489,6.713718,1.228947,45.712536,0.520042,0.256175,0.507268,0.003555,1.932375,0.063020,42.434037,0.956634,0.145012,1.119436,0.023334,0.000067,0.003438,0.000038,40.135523,1.145807,7.854599,3.555293,0.123362,0.225416,2.199461,0.005158,3.475903,23.320039,46.650310,46.545046,1.768188,3.837369,0.002308,0.000084,0.051087,0.000077,0.000030,0.979180,0.018985,0.017647,0.022288,0.785229,0.000225,0.017569,0.000168,0.000092,8.873822,30.550057,30.549920,21.385307,10.129071,6.309615,10.529830,0.656629,9.156888,9.005008,0.026076,5.774200,23.781440,23.332022,0,0,0,0,0,0,0,0
xpu,resnext50_32x4d,8,23.335889,1.215692,2.378865,0.839711,21.794877,0.135681,0.275869,0.307581,0.002470,0.558880,0.023376,20.491318,0.715220,0.143565,1.039412,0.009883,0.000055,0.002195,0.000036,18.557696,0.310057,2.765165,0.401598,0.022645,0.113952,0.029944,0.029084,1.438364,13.273917,25.317011,25.270039,0.809351,0.885311,0.001108,0.000093,0.018887,0.000069,0.000029,0.355913,0.014842,0.007523,0.009720,0.193818,0.000213,0.007423,0.000136,0.000084,4.450663,18.317275,18.317147,16.739563,6.922229,2.086013,9.299808,0.481805,1.570076,1.489029,0.057956,9.244437,12.205154,12.044026,0,0,0,0,0,0,0,0
xpu,mobilenet_v2,96,25.349735,1.404910,2.542101,0.882721,23.593397,0.136407,0.270429,0.333303,0.002611,0.517351,0.022920,22.314005,0.721437,0.144169,1.125366,0.009578,0.000050,0.002098,0.000035,20.284433,0.454456,2.824756,0.406806,0.021698,0.112267,0.032696,0.027832,1.551123,14.647621,34.794055,34.740089,0.995764,0.996797,0.001156,0.000089,0.021589,0.000060,0.000028,0.406374,0.015683,0.008136,0.010495,0.213203,0.000222,0.008162,0.000145,0.000081,5.949244,25.769667,25.769545,22.800756,8.754553,3.378151,12.920110,1.088783,2.957666,2.857518,0.125649,20.121880,20.352775,20.147521,0,0,0,0,0,0,0,0
xpu,densenet121,4,67.251214,3.630093,6.226341,3.390489,63.010521,0.332785,0.850639,0.573283,0.003131,1.513906,0.058247,58.869240,0.724803,0.146949,1.105905,0.017947,0.000053,0.004811,0.000038,56.655324,1.076129,8.354183,1.069101,0.073408,0.291539,0.376444,0.065448,3.315284,41.528006,81.826732,81.706264,3.379824,2.865115,0.002669,0.000085,0.062583,0.000080,0.000031,0.876286,0.062190,0.019709,0.025515,0.501133,0.000232,0.020124,0.000172,0.000083,14.135032,59.072494,59.072346,57.873668,28.261687,11.925773,28.116846,1.415392,1.174621,0.946381,0.260945,37.439881,42.737910,40.300505,0,0,0,0,0,0,0,0
xpu,hf_Bert_large,4,35.639864,2.240218,4.559198,1.558609,32.921577,0.290230,0.350584,0.456330,0.001944,0.908156,0.037327,30.405017,0.585916,0.145659,1.101382,0.012129,0.000051,0.001729,0.000031,28.475122,0.666727,6.079657,4.170170,0.091772,0.278658,2.579446,0.028225,2.333377,14.568617,35.302868,35.214635,1.424718,3.538660,0.001822,0.000091,0.036083,0.000068,0.000030,0.792834,0.051378,0.013677,0.016674,0.362262,0.000226,0.013569,0.000148,0.000084,7.369530,21.655707,21.655568,21.434956,9.531345,5.501244,11.203239,0.643517,0.213447,0.080923,0.017435,2.741972,21.094596,20.735663,0,0,0,0,0,0,0,0
xpu,LearningToPaint,96,13.183907,0.545741,0.918401,0.356215,12.430747,0.054338,0.114002,0.196713,0.002150,0.183932,0.009754,11.970180,0.718176,0.146845,1.092328,0.006709,0.000049,0.000949,0.000035,10.071104,0.150255,1.018039,0.815590,0.009126,0.045461,0.335505,0.012062,0.358309,7.575958,13.815104,13.796334,0.337863,0.358303,0.000467,0.000076,0.007021,0.000053,0.000029,0.142720,0.006095,0.002805,0.003116,0.075595,0.000177,0.002733,0.000100,0.000082,2.579524,10.141789,10.141662,6.343488,2.435233,0.996579,3.618320,0.274908,3.793167,3.744363,0.045697,6.390219,6.328731,6.239787,0,0,0,0,0,0,0,0
xpu,pytorch_unet,1,14.773316,0.727223,1.154556,0.405804,13.823675,0.056898,0.117628,0.210802,0.002131,0.331991,0.010899,13.305095,0.859785,0.146792,1.116435,0.006639,0.000057,0.000881,0.000033,11.238072,0.226839,1.330856,0.277187,0.010248,0.050933,0.017333,0.012104,0.583706,8.647160,17.810475,17.789067,0.470881,0.394210,0.000522,0.000079,0.008278,0.000060,0.000028,0.151611,0.007270,0.003142,0.003800,0.084234,0.000201,0.003340,0.000099,0.000078,2.497543,13.927057,13.926940,11.640833,4.140496,1.138700,7.263484,0.220896,2.279876,2.232321,0.083543,12.305503,9.237542,9.163977,0,0,0,0,0,0,0,0
xpu,Super_SloMo,6,10.603043,1.064675,1.750059,0.401130,9.217461,0.120015,0.119415,0.301851,0.002819,0.694090,0.021682,8.402333,0.864367,0.145043,0.010101,0.000071,0.001041,0.000057,7.490982,0.473079,2.373489,1.099203,0.055223,0.180284,0.120257,0.028887,1.408265,1.756141,2.093613,2.021401,1.148327,0.048749,0.026329,0.208560,0.113807,0.106831,0.460389,0.408520,0,0,0,0,0,0,0,0,0,0,0,0,0,0,0,0,0,0,0,0,0,0,0,0,0,0,0,0,0,0,0
xpu,timm_nfnet,128,27.244408,1.825306,3.209061,0.851827,25.074678,0.222278,0.239410,0.324869,0.002318,1.092689,0.032519,23.552800,0.720691,0.150037,1.093750,0.012665,0.000051,0.002817,0.000036,21.571941,0.527436,3.745480,0.821394,0.039288,0.138351,0.360822,0.033069,1.714851,14.262155,35.283331,35.221035,1.212883,1.240363,0.001364,0.000078,0.024500,0.000061,0.000029,0.522168,0.012023,0.009823,0.012289,0.261811,0.000203,0.009596,0.000129,0.000082,6.254452,25.368261,25.368136,24.702290,10.341105,4.974569,13.706517,0.603272,0.657821,0.554556,0.112442,19.572368,21.829544,21.022319,0,0,0,0,0,0,0,0
xpu,alexnet,128,6.931723,0.181245,0.251382,0.102989,6.600059,0.011683,0.024246,0.141924,0.002767,0.060840,0.003068,6.469159,0.710809,0.146987,1.092154,0.004890,0.000054,0.000127,0.000029,4.630879,0.049592,0.263365,0.355702,0.001130,0.005945,0.013870,0.000050,0.042512,3.891001,11.888765,11.885776,0.074062,0.045957,0.000105,0.000074,0.000599,0.000045,0.000028,0.005539,0.000709,0.000347,0.000491,0.007995,0.000152,0.000374,0.000092,0.000079,0.410687,11.220808,11.220697,4.055327,2.036120,0.337682,1.972795,0.041110,7.163011,7.148339,0.028323,5.102547,8.009046,7.998184,0,0,0,0,0,0,0,0
xpu,hf_BigBird,2,37.133541,30.621026,2.003294,0.720122,5.791409,0.106520,0.210194,0.662706,0.016074,0.489123,0.030420,33.873893,0.586841,0.147444,1.099424,0.016614,0.000495,0.001635,0.000464,32.043928,0.393260,1.734008,2.244761,0.023501,0.058866,1.616502,0.005463,0.645841,26.763882,36.881137,36.850397,0.247932,0.467053,0.000904,0.000455,0.007908,0.000329,0.000213,0.137124,0.008754,0.002590,0.003031,0.157766,0.001199,0.003040,0.000704,0.000611,2.318476,33.139817,33.139045,23.957530,2.624124,0.646244,21.216253,0.098667,9.205478,0.463510,8.484284,0.038730,0.000061,6.580120,0.175203,0.002862,0.000213,10.236992,10.123565,0.001069,0.009949,0
xpu,shufflenet_v2_x1_0,128,27.731902,1.336512,2.609808,1.095336,26.039569,0.167766,0.476574,0.335775,0.002824,0.424883,0.028586,24.614501,0.719855,0.141251,1.042079,0.011501,0.000052,0.002463,0.000036,22.655554,0.348233,3.018784,0.481786,0.026882,0.120326,0.091443,0.030640,1.522657,16.876281,52.109315,51.430061,0.942621,1.019467,0.001253,0.000079,0.023883,0.000069,0.000030,0.396703,0.016811,0.008819,0.011157,0.225033,0.000211,0.008617,0.000147,0.000082,5.955545,42.326781,42.326662,30.035898,12.930298,4.437193,16.457912,0.609400,12.280963,12.181580,0.173535,27.090902,35.449911,35.234132,0,0,0,0,0,0,0,0
xpu,mobilenet_v3_large,32,24.929889,1.567278,2.864543,1.134999,22.999215,0.144204,0.490746,0.343219,0.002947,0.637523,0.024769,21.553120,0.730341,0.143969,1.049979,0.009888,0.000058,0.002031,0.000035,19.585762,0.540827,3.060817,0.418520,0.022902,0.115308,0.040853,0.025559,1.490835,13.670043,38.123210,38.073486,1.100850,1.265140,0.001188,0.000075,0.021167,0.000062,0.000029,0.409963,0.016109,0.007788,0.009068,0.210506,0.000202,0.007975,0.000137,0.000081,6.032252,28.534766,28.534643,25.535012,9.648460,4.477618,15.261966,0.586513,2.987328,2.883250,0.180373,27.889160,24.657883,24.454152,0,0,0,0,0,0,0,0
xpu,basic_gnn_edgecnn,1,5.527837,0.374282,0.564192,0.189277,4.989837,0.021102,0.020822,0.154776,0.002521,0.077023,0.004749,4.736536,0.146155,0.144984,1.107655,0.006009,0.000058,0.000215,0.000031,3.450635,0.046201,0.232391,0.207120,0.002274,0.008493,0.023143,0.000422,0.044117,2.897111,3.973895,3.970855,0.033989,0.047741,0.000109,0.000075,0.000806,0.000045,0.000029,0.006718,0.001527,0.000346,0.000456,0.007636,0.000155,0.000403,0.000092,0.000077,0.164445,3.654924,3.654825,0.744386,0.156028,0.053746,0.564189,0.020525,2.908694,1.553351,1.343549,0.007741,2.019282,1.088015,1.077180,0,0,0,0,0,0,0
xpu,soft_actor_critic,256,5.155239,0.847049,0.240106,0.090203,4.243559,0.008076,0.014456,0.053315,0.005526,0.042939,0.002862,4.789030,0.708401,0.143226,1.121465,0.004968,0.000081,0.000170,0.000058,2.926161,0.036148,0.106258,0.888398,0.001051,0.003722,0.550571,0.000460,0.030362,1.842173,3.290460,3.287609,0.022906,0.039074,0.000158,0.000125,0.000819,0.000082,0.000053,0.006149,0.001176,0.000275,0.000373,0.003940,0.000274,0.000393,0.000175,0.000156,0.094679,3.058706,3.058526,0.324967,0.131791,0.072152,0.178872,0.010043,2.731257,1.049963,1.671156,0.005260,1.021506,1.458221,1.448989,0,0,0,0,0,0,0
xpu,basic_gnn_gcn,1,8.341190,6.509201,0.830351,0.512408,1.408621,0.021681,0.044279,0.391209,0.011462,0.075796,0.009237,6.931738,0.146621,0.144860,1.092434,0.023273,0.001946,0.000854,5.207288,0.006216,1.648951,0.007308,0.000169,0.000455,0.000161,5.610216,0.055083,5.213740,0.213984,0.001196,0.009520,0.025278,0.000236,6.022894,6.016201,0.027622,0.048472,0.000127,0.000517,0.000198,0.000434,0.000136,0.000089,0.004409,0.000880,0.000480,0.000636,0.007417,0.000489,0.000694,0.000302,0.000271,0.141355,5.617767,5.617471,0.425796,0.117309,0.011069,0.285646,0.016434,3.535771,0.008099,1.069469,0.170973,0.058564,1.003316,0.985294,0,0
xpu,hf_DistilBert,8,12.232594,0.733730,1.287395,0.370820,11.307563,0.074696,0.102826,0.181640,0.001961,0.316303,0.012000,10.660263,0.590294,0.148117,1.092926,0.007064,0.000056,0.000546,0.000030,8.893515,0.222117,1.792004,1.664445,0.023567,0.127529,1.216047,0.008047,0.746446,4.294390,10.963946,10.941359,0.376333,0.773957,0.000616,0.000080,0.009467,0.000057,0.000029,0.206995,0.022703,0.003685,0.004373,0.096787,0.000200,0.003731,0.000106,0.000081,2.322268,7.107680,7.107563,5.597775,2.234710,1.163787,3.208652,0.138140,1.506427,1.469400,0.017188,3.031605,6.763914,6.670245,0,0,0,0,0,0,0,0
xpu,nanogpt,1,11.009523,0.809105,1.444840,0.465556,9.983306,0.123002,0.133661,0.201595,0.003163,0.368637,0.019697,9.238863,0.862083,0.146344,1.114654,0.009236,0.000047,0.001070,0.000030,7.151611,0.258454,1.838303,0.991059,0.029360,0.065479,0.443608,0.013585,0.776883,3.072013,9.504964,9.474182,0.437801,0.814454,0.000692,0.000082,0.010502,0.000054,0.000028,0.174968,0.017108,0.004750,0.006002,0.403705,0.000204,0.004663,0.000111,0.000078,2.046216,5.742524,5.742411,4.795214,1.532564,0.716343,3.101177,0.138266,0.944331,0.897319,0.004861,0.623643,6.572093,6.433778,0,0,0,0,0,0,0,0
xpu,basic_gnn_gin,1,5.242737,0.359996,0.542089,0.198784,4.719472,0.020436,0.024765,0.153930,0.002870,0.067612,0.003876,4.474198,0.150479,0.149317,1.094987,0.005078,0.000048,0.000196,0.000029,3.195980,0.039790,0.165334,0.204346,0.001306,0.006681,0.021926,0.000056,0.037690,2.728284,3.636635,3.633823,0.025958,0.041480,0.000102,0.000075,0.000198,0.000038,0.000026,0.003750,0.001713,0.000355,0.000427,0.006192,0.000150,0.000352,0.000091,0.000078,0.142371,3.362546,3.362445,0.436678,0.112227,0.025019,0.304288,0.016422,2.924196,1.745771,1.167475,0.005273,1.207034,0.917733,0.908750,0,0,0,0,0,0,0
xpu,hf_T5_large,2,88.630592,6.448420,13.018282,2.310649,81.235011,0.988908,0.485475,0.876967,0.002575,4.019718,0.112637,74.302652,0.583811,0.142199,1.043106,0.039598,0.000068,0.006554,0.000041,72.269175,2.204704,15.914800,6.911279,0.247842,0.460663,4.368829,0.009319,5.653634,40.053240,77.725137,76.285246,3.493215,9.077377,0.004345,0.000108,0.100633,0.000083,0.000031,2.076862,0.036174,0.033838,0.043866,1.567242,0.000230,0.034702,0.000210,0.000088,15.334779,45.495453,45.495291,42.200276,20.996914,13.965792,19.232895,1.828090,3.282141,3.017814,0.020399,3.369712,38.553100,37.674786,0,0,0,0,0,0,0,0
xpu,resnet152,32,58.510199,3.444754,6.643759,2.803550,54.340636,0.390471,0.792673,0.680788,0.002774,0.829096,0.063816,50.829357,0.728312,0.147726,1.120569,0.021434,0.000066,0.006240,0.000044,48.512108,0.733590,8.095747,0.850688,0.066132,0.338322,0.077888,0.088302,4.170953,33.585366,62.111511,60.815758,2.115191,2.571352,0.002909,0.000079,0.051937,0.000065,0.000029,1.062169,0.041112,0.021360,0.027439,0.576102,0.000238,0.022192,0.000163,0.000085,12.922638,41.224858,41.224708,40.853693,16.571860,6.532038,22.442288,1.736690,0.358491,0.152425,0.026737,29.004088,28.528115,0,0,0,0,0,0,0,0,0
xpu,basic_gnn_sage,1,5.968492,0.505822,0.484520,0.174268,5.312145,0.020685,0.019387,0.141931,0.002639,0.072990,0.006428,5.091165,0.217788,0.216286,1.136960,0.007612,0.000074,0.000338,0.000052,3.686868,0.069228,0.226203,0.323225,0.001069,0.006763,0.036050,0.000099,0.060034,2.977538,3.845723,3.842816,0.031991,0.073264,0.000141,0.000109,0.000502,0.000052,0.000034,0.006440,0.016072,0.000384,0.000505,0.007686,0.000198,0.000438,0.000122,0.000103,0.166601,3.500872,3.500758,0.415962,0.108958,0.017739,0.288257,0.014364,3.083409,2.486897,0.584047,0.004763,1.038105,0.876273,0.868671,0,0,0,0,0,0,0
xpu,hf_Whisper,8,9.859980,9.551389,0.446295,0.152713,0.083325,0.016002,0.038830,0.205139,0.007149,0.103182,0.003605,9.084315,0.585758,0.144686,1.110182,0.005035,0.000076,0.000220,0.000059,7.349292,0.070942,0.281776,1.104374,0.003611,0.007614,0.910085,0.001143,0.070056,5.780638,10.870650,10.864713,0.066035,0.076855,0.000207,0.000126,0.002953,0.000095,0.000054,0.015612,0.002346,0.000614,0.000720,0.013436,0.000293,0.000705,0.000175,0.000154,0.706131,9.882122,9.881922,1.717223,0.703651,0.264652,0.978074,0.029497,8.161803,2.131789,6.012986,0.016225,3.554503,5.110797,5.090833,0,0,0,0,0,0,0
xpu,hf_GPT2,4,22.153267,4.043377,4.879782,0.873822,17.736730,0.282911,0.212044,0.341362,0.004671,0.843427,0.030326,16.737650,0.597867,0.147294,1.096404,0.011732,0.000083,0.001467,0.000062,14.919553,0.402952,2.980262,1.816908,0.043661,0.091806,1.245929,0.015824,1.220720,8.191204,17.694867,17.657384,0.672679,1.102972,0.000977,0.000106,0.017639,0.000083,0.000045,0.394755,0.029566,0.005970,0.006831,0.161176,0.000254,0.005818,0.000163,0.000118,4.183917,11.126323,11.126167,10.263201,4.332591,2.551382,5.686173,0.218306,0.858699,0.803709,0.013574,1.685639,9.652675,9.504622,0,0,0,0,0,0,0,0
xpu,timm_regnet,32,30.357108,1.977462,3.882435,1.582986,27.877585,0.224678,0.409157,0.473394,0.003033,0.532914,0.035305,25.776070,0.725134,0.146432,1.097510,0.012160,0.000055,0.002837,0.000036,23.408194,0.444627,3.658823,0.479538,0.032330,0.153653,0.038033,0.036694,1.942920,16.355127,33.695333,33.630887,1.132775,1.227242,0.001439,0.000078,0.025136,0.000063,0.000029,0.486761,0.019097,0.010490,0.012704,0.270739,0.000215,0.010197,0.000148,0.000086,7.414879,22.714517,22.714371,21.225131,8.750553,3.489582,11.624634,0.795819,1.479128,1.358730,0.077587,13.326151,17.635466,17.341430,0,0,0,0,0,0,0,0
xpu,lennard_jones,1000,3.927552,0.129214,0.153989,0.084465,3.659480,0.006344,0.016718,0.126831,0.006993,0.032944,0.001705,3.579591,0.697317,0.139747,1.034800,0.004426,0.000048,0.000091,0.000030,1.817210,0.025112,0.112920,0.383844,0.001297,0.002917,0.016167,0.000469,0.030357,1.248145,2.032752,2.030439,0.023460,0.049341,0.000097,0.000074,0.000791,0.000043,0.000028,0.009773,0.000903,0.000232,0.000310,0.004542,0.000150,0.000282,0.000090,0.000077,0.106883,1.802984,1.802891,0.250922,0.062813,0.009972,0.176018,0.009049,1.550749,1.057084,0.485354,0.003102,0.583057,0.792781,0.785008,0,0,0,0,0,0,0
xpu,speech_transformer,32,48.307933,9.648039,3.534078,1.607757,38.003262,0.236383,0.621248,0.608928,0.009239,0.806029,0.078330,43.763796,0.703685,0.142020,1.041300,0.020702,0.000208,0.003296,0.000175,41.614436,0.907222,26.615083,4.707402,0.057590,0.127027,3.812560,0.017687,42.856917,42.573261,0.896092,1.578056,0.000147,0.001394,0.000191,0.022477,0.000159,0.000091,0.456190,0.034727,0.008220,0.009339,0.219248,0.000546,0.008684,0.000296,0.000231,4.550980,34.648717,34.648398,17.561459,8.697800,6.071386,8.470376,0.353728,17.092254,0.496107,16.502146,0.027955,4.107843,7.781141,1.306463,0.029380,0.001884,0.000892,0.007492,0.000032,16.809297,16.588505,0
xpu,timm_resnest,32,17.009417,0.881358,1.407345,0.456806,15.884494,0.079012,0.132608,0.231542,0.001867,0.388580,0.014062,15.258641,0.903864,0.144522,1.095206,0.007201,0.000047,0.001304,0.000040,13.158540,0.294709,1.450741,0.324499,0.011720,0.054660,0.056475,0.013151,0.661826,10.227675,27.447306,27.422962,0.580326,0.777123,0.000595,0.000077,0.009038,0.000055,0.000028,0.267504,0.006681,0.003527,0.004073,0.098970,0.000186,0.003536,0.000103,0.000079,2.638411,22.808778,22.808667,17.094262,8.752552,4.416148,8.066648,0.256178,5.707815,5.655205,0.107268,18.323121,17.312537,17.220293,0,0,0,0,0,0,0,0
xpu,hf_GPT2_large,4,55.097449,7.798906,11.381894,2.428658,46.667045,1.070512,0.585694,0.569695,0.004273,2.344907,0.076393,42.784913,0.583234,0.145756,1.107062,0.021967,0.000086,0.003589,0.000068,40.801536,0.975643,7.890423,3.738921,0.118759,0.249808,2.462455,0.043184,3.635884,23.721409,49.013896,48.903045,1.897488,3.150465,0.002435,0.000082,0.051282,0.000066,0.000030,1.136677,0.063262,0.016919,0.018393,0.464619,0.000178,0.017508,0.000136,0.000084,10.655923,31.676472,31.676338,31.448474,14.592229,8.579701,15.996307,0.786095,0.222828,0.060101,0.015377,2.783262,0.000402,0.000170,0.001250,25.737895,25.294182,0,0,0,0,0
xpu,timm_vision_transformer,32,12.018534,0.885007,1.603459,0.553587,10.879736,0.107295,0.144849,0.238791,0.002261,0.320104,0.016177,10.051267,0.943443,0.147141,1.099259,0.008293,0.000047,0.000828,0.000030,7.901636,0.219203,1.756771,0.735754,0.026562,0.058763,0.401572,0.012104,0.703617,4.286028,12.931498,12.904415,0.414946,0.688225,0.000656,0.000076,0.010060,0.000056,0.000029,0.168015,0.014666,0.004228,0.004427,0.306309,0.000178,0.003798,0.000107,0.000079,2.308548,9.069615,9.069504,7.652628,3.127564,1.068551,4.320210,0.181431,1.413466,1.360165,0.012922,2.283552,8.765141,8.646227,0,0,0,0,0,0,0,0
xpu,hf_Longformer,2,45.955096,41.469139,3.366048,0.594274,4.058081,0.279028,0.126767,0.398157,0.007151,1.097788,0.085612,41.878969,0.581516,0.145325,1.099618,0.024337,0.000164,0.003752,0.000124,39.974854,1.671379,9.949218,3.131065,0.153221,0.330085,1.992022,0.017635,2.103732,22.351320,47.423808,47.355890,1.268873,4.282924,0.001926,0.000219,0.057970,0.000169,0.000097,0.425511,0.018732,0.011394,0.012102,1.969151,0.000608,0.011551,0.000358,0.000267,8.165621,32.533536,32.533186,29.002610,12.812878,6.309200,15.740076,0.414820,3.521937,0.871563,2.566249,0.040245,7.734807,0.000071,25.398665,25.076940,0,0,0,0,0,0
xpu,timm_vision_transformer_large,32,33.339958,2.573475,4.797300,1.555452,29.761668,0.319253,0.430252,0.971743,0.002322,0.915755,0.049454,27.308857,0.969641,0.144583,1.087555,0.015013,0.000056,0.002422,0.000034,24.975172,0.663627,6.014767,2.054776,0.095929,0.206688,1.316694,0.039541,2.338736,13.241066,36.870181,36.775699,1.344211,2.358944,0.001889,0.000079,0.044248,0.000062,0.000029,0.551357,0.047859,0.015037,0.017304,1.106927,0.000198,0.014542,0.000146,0.000084,7.628268,24.126430,24.126304,23.570494,9.422537,4.672420,13.388430,0.682879,0.548191,0.387219,0.013830,3.433180,24.038531,23.630707,0,0,0,0,0,0,0,0
xpu,hf_Reformer,8,45.224736,24.064639,1.984490,0.525087,16.574743,0.088530,0.121397,0.566690,0.013617,0.511997,0.029772,42.075059,0.586930,0.146299,0.016672,0.000432,0.001570,0.000688,41.365834,0.502001,39.739938,0.565090,0.007866,0.026542,0.134356,0.002961,43.008384,42.980652,1.092272,0.000619,37.143502,0.169723,19.841083,0.167856,0.054726,0.149761,0.179885,0.000598,0.000370,0.004634,0.000277,0.000175,0.050703,0.004906,0.001523,0.011891,0.032245,0.000970,0.001905,0.000578,0.000498,0.746345,23.190182,23.189564,3.319382,1.425883,0.638397,1.827205,0.053403,0.026498,4.777102,0.002381,3.971974,0.000075,0.009257,0.000241,0.001612,3.726901,3.707741
xpu,timm_vovnet,32,20.900161,1.107287,1.961025,0.746476,19.480071,0.116160,0.206025,0.296876,0.002440,0.320057,0.018669,18.500037,0.912405,0.145620,1.090920,0.008175,0.000044,0.001589,0.000036,16.348027,0.252421,2.084657,0.579019,0.017494,0.083367,0.023430,0.021056,0.968346,12.166466,25.354801,25.318439,0.755667,0.683811,0.000864,0.000078,0.015058,0.000059,0.000030,0.273276,0.011626,0.005551,0.006429,0.147076,0.000183,0.005843,0.000120,0.000077,3.886959,19.259407,19.259288,18.204114,7.520666,2.878122,10.261448,0.394681,1.047392,0.977386,0.086951,13.240295,13.325665,13.189206,0,0,0,0,0,0,0,0
xpu,hf_Roberta_base,4,19.560527,1.311068,2.628789,0.700799,17.945244,0.154636,0.183447,0.291438,0.002422,0.524806,0.021513,16.498737,0.584928,0.145729,1.097585,0.008945,0.000049,0.000971,0.000029,14.677897,0.377266,2.968129,2.530425,0.044541,0.174339,1.581359,0.014750,1.182239,7.295630,17.552600,17.508214,0.735200,1.475483,0.001031,0.000076,0.018519,0.000066,0.000030,0.401997,0.031343,0.006734,0.007544,0.187468,0.000231,0.007311,0.000134,0.000082,3.481268,11.176657,11.176533,10.830166,4.860862,2.677174,5.661283,0.278692,0.341429,0.278141,0.011534,1.435431,10.434552,10.257911,0,0,0,0,0,0,0,0
xpu,torch_multimodal_clip,32,22.096446,1.590759,3.075337,1.059761,20.177042,0.168330,0.269238,0.309560,0.002173,0.739770,0.027480,18.540037,0.704668,0.146324,1.104675,0.010220,0.000054,0.001228,0.000030,16.545700,0.584548,4.268474,1.801727,0.064077,0.145649,1.003005,0.026348,1.396570,8.051048,25.958188,25.896730,0.959737,1.612912,0.001388,0.000076,0.023232,0.000060,0.000030,0.319687,0.027675,0.009668,0.010539,0.828282,0.000183,0.009368,0.000131,0.000085,5.873730,16.550786,16.550651,15.726649,5.259540,2.131390,9.980923,0.440341,0.818059,0.714777,0.024277,3.183479,18.534279,17.908330,0,0,0,0,0,0,0,0
xpu,tts_angular,64,2.544013,1.246388,0.101818,0.075413,1.109263,0.003024,0.011618,0.174761,0.003567,0.003881,2.173679,0.699517,0.144600,0.004414,0.000096,0.000178,0.000083,0.329201,0.001844,0.305619,0.303388,0.000109,0.000713,0.000167,0.000076,0.001738,0.007857,1.091021,0.023154,0.000697,0.000277,0.008389,0.001783,0.000299,0,0,0,0,0,0,0,0,0,0,0,0,0,0,0,0,0,0,0,0,0,0,0,0,0,0,0,0,0,0,0,0,0,0,0
xpu,vgg16,64,6.379080,0.237533,0.367988,0.146743,5.977544,0.020432,0.036650,0.155642,0.002445,0.075656,0.004150,5.783866,0.701378,0.145356,1.093124,0.005058,0.000047,0.000179,0.000028,3.945647,0.064992,0.410879,0.354219,0.001864,0.009973,0.014178,0.000051,0.062685,3.008206,7.351824,7.346678,0.118799,0.061566,0.000119,0.000072,0.000622,0.000049,0.000032,0.007167,0.000681,0.000561,0.000626,0.013698,0.000155,0.000514,0.000092,0.000078,0.746478,6.293096,6.292997,3.231606,1.578765,0.572245,1.569375,0.076067,3.058768,3.038251,0.021734,4.903711,4.360084,4.344039,0,0,0,0,0,0,0,0
xpu,vision_maskrcnn,1,30.894628,6.199722,7.462366,1.996696,23.456811,0.606218,0.664007,1.140583,0.021710,1.826333,0.080975,21.607817,0.703088,0.143545,1.089010,17.216382,0.024212,0.010849,17.087449,0.054397,0.026814,0.011566,0.000190,0.001074,0.000172,2.198442,0.450133,0.893206,0.395221,0.012223,0.034014,0.157618,0.001183,0.183733,0.148301,0.147677,0.141371,0.170449,0.000277,0,0,0,0,0,0,0,0,0,0,0,0,0,0,0,0,0,0,0,0,0,0,0,0,0,0,0,0,0,0
xpu,yolov3,8,55.746400,3.895229,7.874274,2.563874,50.940444,0.372098,0.756268,0.880061,0.003038,1.419787,0.064652,46.657317,0.915392,0.144882,1.098303,0.011898,0.000054,0.002942,0.000036,43.830438,0.540221,3.950209,0.778490,0.040836,0.159895,0.068583,0.040265,1.696956,36.298725,71.553082,71.482204,1.662492,3.003898,0.001651,0.000078,0.035906,0.000062,0.000030,0.582644,0.021850,0.010912,0.013174,0.295229,0.000190,0.011062,0.000133,0.000079,6.917320,58.639837,58.639733,48.969458,15.288453,7.916061,32.847739,0.782767,9.870847,0.169470,9.455146,0.102376,16.719001,35.528280,35.255519,0.351480,0.023633,0.011740,0.091819,0,0,0
