dev,name,batch_size,speedup,abs_latency,compilation_latency,compression_ratio,eager_peak_mem,dynamo_peak_mem,calls_captured,unique_graphs,graph_breaks,unique_graph_breaks,autograd_captures,autograd_compiles,cudagraph_skips
xpu,jx_nest_base,0,0.000000,0.000000,0,0,0,0,0,0,0,0,0,0,0
xpu,repvgg_a2,128,1.601196,62.870544,53.881664,0.000000,0,0,231,1,6,5,0,0,0
xpu,gernet_l,128,1.548238,62.470050,57.763660,0.000000,0,0,246,1,6,5,0,0,0
xpu,convnext_base,64,1.075392,115.464013,72.364749,0.000000,0,0,455,1,6,5,0,0,0
xpu,dm_nfnet_f0,128,1.963829,77.988495,80.933660,0.000000,0,0,590,1,6,5,0,0,0
xpu,mobilenetv3_large_100,512,1.730251,148.338905,86.409275,0.000000,0,0,232,1,6,5,0,0,0
xpu,tinynet_a,128,1.292689,68.008533,101.572710,0.000000,0,0,342,1,6,5,0,0,0
xpu,sebotnet33ts_256,64,1.778010,54.745804,100.853013,0.000000,0,0,368,2,6,5,0,0,0
xpu,lcnet_050,256,1.942204,25.859480,48.832493,0.000000,0,0,125,1,6,5,0,0,0
xpu,convnextv2_nano.fcmae_ft_in22k_in1k,128,1.756969,80.678951,52.954884,0.000000,0,0,289,1,6,5,0,0,0
xpu,adv_inception_v3,128,2.299973,102.183514,134.167201,0.000000,0,0,408,1,6,5,0,0,0
xpu,selecsls42b,128,1.182742,64.071903,66.072948,0.000000,0,0,174,1,6,5,0,0,0
xpu,beit_base_patch16_224,64,1.044719,105.956365,40.520306,0.000000,0,0,371,1,6,5,0,0,0
xpu,tnt_s_patch16_224,128,1.636965,149.072449,84.389733,0.000000,0,0,787,1,6,5,0,0,0
xpu,crossvit_9_240,256,1.580220,75.772742,61.767953,0.000000,0,0,487,1,6,5,0,0,0
xpu,levit_128,1024,1.469348,144.150121,92.622749,0.000000,0,0,616,1,6,5,0,0,0
xpu,mobilevit_s,64,1.217125,76.466668,110.167429,0.000000,0,0,359,2,6,5,0,0,0
xpu,ghostnet_100,512,1.993428,161.250073,156.485888,0.000000,0,0,401,1,6,5,0,0,0
xpu,mixer_b16_224,128,1.480172,92.356579,30.328090,0.000000,0,0,199,1,6,5,0,0,0
xpu,res2net101_26w_4s,128,1.446034,183.419549,184.555129,0.000000,0,0,973,1,6,5,0,0,0
xpu,spnasnet_100,128,1.504632,50.133471,79.241537,0.000000,0,0,252,1,6,5,0,0,0
xpu,botnet26t_256,128,1.887999,66.637612,76.727068,0.000000,0,0,260,1,6,5,0,0,0
xpu,nfnet_l0,128,2.033603,62.628345,69.913204,0.000000,0,0,521,1,6,5,0,0,0
xpu,twins_pcpvt_base,128,1.358841,128.088308,90.117919,0.000000,0,0,851,1,6,5,0,0,0
xpu,cspdarknet53,64,1.474365,63.555283,86.778653,0.000000,0,0,320,1,6,5,0,0,0
xpu,dpn107,64,1.490003,207.440728,205.599143,0.000000,0,0,630,1,6,5,0,0,0
xpu,deit_base_distilled_patch16_224,64,1.194773,61.459513,23.335374,0.000000,0,0,267,1,6,5,0,0,0
xpu,pit_b_224,64,1.303791,70.151271,36.647340,0.000000,0,0,306,1,6,5,0,0,0
xpu,visformer_small,128,1.400653,77.939238,53.619606,0.000000,0,0,319,1,6,5,0,0,0
xpu,deit_tiny_patch16_224.fb_in1k,128,1.721932,25.497734,24.117780,0.000000,0,0,263,1,6,5,0,0,0
xpu,gluon_inception_v3,256,2.500483,188.417201,125.632049,0.000000,0,0,408,1,6,5,0,0,0
xpu,swin_base_patch4_window7_224,64,1.291570,135.915744,109.560529,0.000000,0,0,1438,1,6,5,0,0,0
xpu,cait_m36_384,4,1.575195,135.077093,111.259777,0.000000,0,0,1255,1,6,5,0,0,0
xpu,eca_botnext26ts_256,128,1.649158,78.482907,80.717665,0.000000,0,0,295,1,6,5,0,0,0
xpu,vit_base_patch14_dinov2.lvd142m,128,1.102495,1410.318486,31.059550,0.000000,0,0,286,1,6,5,0,0,0
xpu,gmixer_24_224,128,1.967321,71.600144,46.535600,0.000000,0,0,583,1,6,5,0,0,0
xpu,mixnet_l,128,1.175322,143.512647,186.977221,0.000000,0,0,579,1,6,5,0,0,0
xpu,res2net50_14w_8s,128,1.668900,118.826773,188.683714,0.000000,0,0,848,1,6,5,0,0,0
xpu,vit_base_patch16_224,64,1.172290,62.021507,22.568763,0.000000,0,0,263,1,6,5,0,0,0
xpu,dla102,128,2.098087,103.021456,97.214734,0.000000,0,0,485,1,6,5,0,0,0
xpu,swsl_resnext101_32x16d,32,1.497286,111.937176,80.194300,0.000000,0,0,449,1,6,5,0,0,0
xpu,gmlp_s16_224,128,1.742784,111.478501,49.993496,0.000000,0,0,457,1,6,5,0,0,0
xpu,coat_lite_mini,128,1.206114,76.791905,91.637488,0.000000,0,0,452,1,6,5,0,0,0
xpu,vit_base_patch16_siglip_256,128,1.380849,160.122402,28.979093,0.000000,0,0,283,1,6,5,0,0,0
xpu,eca_halonext26ts,128,1.529614,89.444371,91.297079,0.000000,0,0,318,1,6,5,0,0,0
xpu,mnasnet_100,512,1.794415,159.892067,65.869526,0.000000,0,0,205,2,6,5,0,0,0
xpu,convit_base,64,1.800297,126.980294,28.292088,0.000000,0,0,1142,3,7,5,0,0,0
xpu,res2next50,128,1.554610,126.369301,113.601517,0.000000,0,0,480,1,6,5,0,0,0
xpu,volo_d1_224,64,1.900084,69.563990,69.352530,0.000000,0,0,508,1,6,5,0,0,0
xpu,ese_vovnet19b_dw,256,1.514642,113.265713,61.405134,0.000000,0,0,134,2,6,5,0,0,0
xpu,tf_efficientnet_b0,128,1.414964,74.344831,93.964847,0.000000,0,0,293,1,6,5,0,0,0
xpu,convmixer_768_32,32,1.560006,138.122269,51.996033,0.000000,0,0,296,1,6,5,0,0,0
xpu,mobilenetv2_100,128,1.546396,52.906954,68.655207,0.000000,0,0,204,1,6,5,0,0,0
xpu,resmlp_12_224,128,1.179694,45.870617,27.591388,0.000000,0,0,175,1,6,5,0,0,0
xpu,pnasnet5large,16,1.298027,193.307004,289.299504,0.000000,0,0,1157,1,6,5,0,0,0
xpu,xcit_large_24_p8_224,16,2.338064,195.766910,34.614430,0.000000,0,0,1141,2,6,5,0,0,0
xpu,fbnetc_100,512,1.777773,200.252257,81.369042,0.000000,0,0,258,2,6,5,0,0,0
xpu,tf_mixnet_l,128,1.145475,165.344439,160.821040,0.000000,0,0,594,1,6,5,0,0,0
xpu,resnest101e,64,1.487530,117.310182,159.340754,0.000000,0,0,1024,1,6,5,0,0,0
xpu,hrnet_w18,128,1.474344,207.505885,281.342008,0.000000,0,0,1471,1,6,5,0,0,0
xpu,poolformer_m36,64,1.713342,99.681958,145.011282,0.000000,0,0,550,1,6,5,0,0,0
xpu,fbnetv3_b,256,1.473497,140.416742,122.931772,0.000000,0,0,455,1,6,5,0,0,0
xpu,inception_v3,128,2.328797,102.241113,18.653195,0.000000,0,0,408,1,6,5,0,0,0
xpu,regnety_002,1024,2.315216,125.422486,59.697103,0.000000,0,0,267,1,6,5,0,0,0
xpu,rexnet_100,256,1.475680,136.640783,158.218084,0.000000,0,0,332,1,6,5,0,0,0
