dev,name,batch_size,_compile.compile_inner,compile_attempt_0,bytecode_tracing,variable_builder_call,compile_attempt_1,create_proxy,wrap_to_fake_tensor_and_record,build_guards,gc,get_fake_value,insert_deferred_runtime_asserts,OutputGraph.call_user_compiler,inductor_import,inductor_codecache_torch_key,_recursive_pre_grad_passes,pass.pre_grad_passes.group_batch_fusion_passes,pass.pre_grad_passes.efficient_conv_bn_eval_pass,pass.pre_grad_passes.apply_gumbel_max_trick_pass,create_aot_dispatcher_function,aot_collect_metadata,compile_fx.<locals>.fw_compiler_base,_recursive_joint_graph_passes,pass.joint_graph_passes.remove_noop_ops,pass.joint_graph_passes.constant_fold_uniform_value,pass.joint_graph_passes.pass_pattern_0,pass.joint_graph_passes.pass_pattern_1,compile_fx_inner,fx_codegen_and_compile,CacheBase.get_system.triton_key,additional_fake_tensor_prop,_recursive_post_grad_passes,pass.post_grad_passes.reorder_for_locality,pass.post_grad_passes.remove_profiler_ops,pass.post_grad_passes.post_grad_custom_pre_pass,pass.post_grad_passes.remove_noop_ops,pass.post_grad_passes.remove_assert_ops,pass.post_grad_passes.pass_pattern_0,pass.post_grad_passes.pass_pattern_1,pass.post_grad_passes.pass_pattern_2,pass.post_grad_passes.stable_sort,pass.post_grad_passes.move_constructors_to_cuda,pass.post_grad_passes.reinplace_inplaceable_ops,pass.post_grad_passes.decompose_triton_kernel_wrapper_functional,pass.post_grad_passes.decompose_auto_functionalized,pass.post_grad_passes.decompose_scan_to_while_loop,pass.post_grad_passes.decompose_map_to_while_loop,GraphLowering.run,GraphLowering.compile_to_fn,GraphLowering.compile_to_module,GraphLowering.codegen,Scheduler.__init__,Scheduler.fused_nodes,Scheduler.codegen,PythonWrapperCodegen.generate,PyCodeCache.load_by_key_path,compile_file,async_compile.wait,TritonBundler.collect,aot_trace_joint_graph,min_cut_rematerialization_partition,CachingAutotuner.benchmark_all_configs,compile_attempt_2,pgo.dynamic_whitelist,AOTAutogradCache.inductor_load,TritonBundler.read_and_emit,TritonBundler.load_cached_static_autotuners,StaticAutotunerFuture.warm_precompile,backward._backward_impl,compile_fx.<locals>.bw_compiler
xpu,nvidia_deeprecommender,256,11.843365,0.195499,0.255829,0.097975,11.505662,0.008799,0.020116,0.132706,0.003468,0.055069,0.002323,11.385692,0.713309,0.148161,1.128254,0.004308,0.000051,0.000107,0.000027,9.511647,0.037660,0.190239,1.329735,0.001389,0.005856,0.961763,0.000086,0.052368,7.875449,9.866231,9.862872,0.051604,0.066008,0.000196,0.000074,0.001322,0.000045,0.000032,0.020997,0.001056,0.000413,0.000574,0.009196,0.000157,0.000503,0.000089,0.000076,0.192006,9.483819,9.483714,3.792801,0.172838,0.071945,3.602331,0.014015,5.689452,5.680148,0.005731,1.256853,2.003816,1.991230,0,0,0,0,0,0,0,0
xpu,dcgan,32,14.921539,0.214664,0.280353,0.118632,14.558180,0.011057,0.026089,0.138740,0.003948,0.077415,0.003107,14.431812,0.712855,0.146759,1.109638,0.004751,0.000055,0.000268,0.000032,12.572933,0.056366,0.223936,0.360871,0.002430,0.007600,0.003210,0.001913,0.074220,11.819421,13.309840,13.305709,0.084911,0.113594,0.000147,0.000082,0.001951,0.000045,0.000027,0.027390,0.000962,0.000535,0.000665,0.013152,0.000160,0.000601,0.000099,0.000077,0.737249,12.264687,12.264579,7.073345,0.662313,0.237614,6.365830,0.040270,5.188469,5.175173,0.016828,2.830432,1.504997,1.490851,0,0,0,0,0,0,0,0
xpu,maml_omniglot,5,15.170595,0.213959,0.280427,0.125543,14.806919,0.010982,0.027488,0.140909,0.002889,0.071939,0.003171,14.679059,0.713088,0.147040,1.036124,0.004913,0.000050,0.000270,0.000033,12.892180,0.053993,0.290251,3.517215,0.001586,0.008816,3.163553,0.001852,0.071560,8.922585,13.128687,13.124434,0.092473,0.076259,0.000138,0.000077,0.001354,0.000045,0.000027,0.021212,0.001139,0.000536,0.000666,0.014007,0.000160,0.000574,0.000099,0.000076,0.726406,12.124172,12.124060,5.050892,0.745184,0.192874,4.265664,0.035127,7.070986,7.058560,0.013856,2.173502,4.220682,4.206550,0,0,0,0,0,0,0,0
xpu,dlrm,1024,5.535802,0.295255,0.418544,0.175674,5.086284,0.020623,0.044536,0.146254,0.001690,0.102110,0.004575,4.884940,0.720280,0.147464,1.092779,0.005457,0.000051,0.000173,0.000029,3.029554,0.063446,0.232972,1.028756,0.002309,0.007292,0.662362,0.000073,0.055801,1.621645,3.523791,3.519568,0.058691,0.053379,0.000116,0.000078,0.001006,0.000043,0.000027,0.004215,0.001427,0.000465,0.000566,0.010910,0.000157,0.000520,0.000093,0.000079,0.322792,2.990996,2.990888,0.768457,0.330428,0.162781,0.402423,0.030249,2.220678,0.469088,1.736051,0.009581,2.072222,1.915994,1.902604,0,0,0,0,0,0,0
xpu,microbench_unbacked_tolist_sum,1,0.865976,0.635983,0.629450,0.197089,0.066996,0.079692,0.014097,0.151919,0.001973,0.060199,0,0,0,0,0,0,0,0,0,0,0,0,0,0,0,0,0,0,0,0,0,0,0,0,0,0,0,0,0,0,0,0,0,0,0,0,0,0,0,0,0,0,0,0,0,0,0,0,0,0,0,0,0,0,0,0,0,0,0
xpu,resnet18,16,13.720172,0.554563,0.934807,0.358576,12.954328,0.055269,0.111701,0.200091,0.002177,0.180579,0.010037,12.486203,0.719315,0.147691,1.138331,0.006618,0.000051,0.000908,0.000034,10.356713,0.145921,1.014851,0.263781,0.008627,0.043595,0.015978,0.011174,0.545260,8.237719,15.918948,15.899897,0.331611,0.354059,0.000464,0.000077,0.007023,0.000054,0.000027,0.139459,0.006531,0.002805,0.003440,0.074050,0.000195,0.002903,0.000095,0.000077,1.968775,12.868847,12.868729,8.018711,3.356556,0.904800,4.467152,0.180015,4.845422,4.807265,0.047054,7.581283,7.742893,7.681860,0,0,0,0,0,0,0,0
xpu,hf_Albert,8,18.961244,1.022237,1.827221,0.167083,17.779728,0.115960,0.037335,0.145805,0.003416,0.575990,0.017137,16.892326,0.834709,0.148038,1.101599,0.008872,0.000050,0.000864,0.000029,14.899083,0.392116,2.937018,1.404400,0.044247,0.179402,0.867766,0.016321,1.117748,8.736689,23.301624,22.879613,0.630557,1.868972,0.000943,0.000094,0.015306,0.000068,0.000030,0.379696,0.442267,0.006589,0.008492,0.171676,0.000231,0.006343,0.000130,0.000084,3.275945,16.568295,16.568168,10.342803,4.862357,2.795500,5.260839,0.203463,6.220570,6.168206,0.020037,3.153610,15.106725,14.565726,0,0,0,0,0,0,0,0
xpu,squeezenet1_1,32,22.553372,0.328560,0.550604,0.219276,22.040266,0.032619,0.058588,0.173431,0.003261,0.088981,0.006955,21.744772,0.722973,0.147572,1.096672,0.005577,0.000055,0.000275,0.000028,19.869543,0.085859,0.680793,0.204325,0.003674,0.015370,0.002385,0.000038,0.087896,18.748993,25.631984,25.625817,0.155744,0.084948,0.000149,0.000080,0.001599,0.000053,0.000030,0.009495,0.001072,0.000760,0.000911,0.021261,0.000178,0.000817,0.000094,0.000078,0.861508,24.274558,24.274441,8.252328,2.360436,0.366237,5.712770,0.168090,16.018550,15.982095,0.061825,10.633781,6.907302,6.883543,0,0,0,0,0,0,0,0
xpu,BERT_pytorch,16,26.347665,1.298993,2.544396,0.868967,24.739606,0.190917,0.344676,0.288267,0.002201,0.620406,0.027785,23.341284,0.999059,0.195541,1.168760,0.019231,0.000087,0.002689,0.000067,20.898228,0.656834,4.986966,2.486748,0.041952,0.110935,1.794045,0.008306,1.509842,10.900337,22.267498,22.220630,0.830220,1.474239,0.001321,0.000087,0.017915,0.000068,0.000030,0.377030,0.023262,0.007341,0.009440,0.514764,0.000211,0.007475,0.000136,0.000084,4.705812,14.526879,14.526747,13.302326,6.753410,4.214167,6.244620,0.275219,1.220087,1.157705,0.016365,2.879645,11.559536,11.368159,0,0,0,0,0,0,0,0
xpu,drq,1,6.648678,0.736256,0.651742,0.237613,5.716786,0.024788,0.041909,0.182653,0.004489,0.099113,0.006727,5.714057,0.711238,0.147084,1.114785,0.005373,0.000079,0.000214,0.000059,3.779303,0.066779,0.241434,1.193878,0.002529,0.008128,0.790941,0.001043,0.054375,2.187039,4.982782,4.978261,0.058639,0.079979,0.000181,0.000144,0.001663,0.000086,0.000054,0.017980,0.001815,0.000480,0.000602,0.009888,0.000294,0.000594,0.000178,0.000150,0.238191,4.468875,4.468685,0.982341,0.457671,0.203424,0.482609,0.035699,3.505458,3.482758,0.022887,5.205736,2.813004,2.796521,0.048168,0.006569,0.003230,0.012947,0,0,0,0
xpu,hf_T5,8,33.822557,2.006079,4.013167,0.653579,31.475418,0.310134,0.130498,0.316330,0.002343,1.241873,0.040282,29.320812,0.630038,0.182249,1.119050,0.017037,0.000065,0.002291,0.000037,27.434318,0.705064,4.614074,1.928805,0.065916,0.143656,1.112069,0.003070,1.656261,18.080372,33.775615,33.717169,1.478674,2.167841,0.001398,0.000082,0.029841,0.000072,0.000031,0.561177,0.010092,0.009541,0.012807,0.462464,0.000227,0.009814,0.000153,0.000090,5.314310,23.834621,23.834487,14.279017,7.110759,5.020176,6.787505,0.344853,9.549571,9.464828,0.035295,4.941948,15.943755,15.696355,0,0,0,0,0,0,0,0
xpu,hf_Bart,4,14.679323,11.179601,1.450254,0.713521,3.028261,0.045805,0.352953,0.426612,0.017226,0.240534,0.013615,12.527315,0.591259,0.147360,1.103895,0.010400,0.000302,0.000854,0.000254,10.748164,0.185295,8.240850,0.973667,0.011770,0.032068,0.671827,0.003976,13.576848,13.557816,0.214107,0.330460,0.000374,0.000746,0.000420,0.006668,0.000312,0.000200,0.113542,0.006239,0.002296,0.002724,0.055560,0.001130,0.002631,0.000633,0.000559,1.227671,11.389685,11.388965,3.631601,1.591236,0.717959,1.938472,0.084332,7.747776,1.027112,6.684031,0.026640,4.134087,0.801100,0.519853,5.579158,5.520305,0,0,0,0,0,0
xpu,phlippe_densenet,128,28.298016,1.660694,2.882455,0.928648,25.522822,0.142919,0.278358,1.093276,0.002316,0.725177,0.025016,24.153562,0.716354,0.147910,1.122467,0.010028,0.000046,0.002154,0.000034,22.124192,0.491876,2.892037,0.968339,0.023282,0.109861,0.604304,0.029071,1.428950,15.963930,28.259524,28.211139,1.022388,0.884807,0.001150,0.000076,0.019910,0.000059,0.000035,0.359239,0.015679,0.007504,0.009318,0.191246,0.000202,0.007491,0.000139,0.000082,5.342026,20.046171,20.046037,18.951259,7.856045,2.787433,10.522398,0.538641,1.084467,0.990783,0.108849,15.829970,12.470578,12.296705,0,0,0,0,0,0,0,0
xpu,fastNLP_Bert,6,25.122134,20.942443,1.729259,0.556674,3.759022,0.088645,0.114316,0.393037,0.008925,0.356223,0.027906,22.754866,0.712666,0.146226,1.112697,0.012277,0.000175,0.001332,0.000144,21.930026,0.543389,11.545180,4.215863,0.042347,0.099914,3.410420,0.014087,22.854436,22.802790,0.757477,1.456607,0.000240,0.001287,0.000235,0.017372,0.000197,0.000109,0.356669,0.021913,0.007584,0.009533,0.509498,0.000652,0.007583,0.000394,0.000310,3.638260,16.205676,16.205276,13.310075,6.364287,3.506979,6.623259,0.288434,2.887678,1.052648,1.756794,0.018463,3.172910,3.877346,1.504499,11.883049,11.689682,0,0,0,0,0,0
xpu,resnet50,32,23.852687,1.246146,2.371914,0.994574,22.277052,0.136023,0.277134,0.310870,0.003067,0.401130,0.023385,21.010389,0.716569,0.142489,1.047108,0.010102,0.000054,0.002187,0.000034,19.064828,0.337856,2.891686,0.412902,0.023231,0.115430,0.031561,0.029836,1.285955,13.397376,25.289154,25.239117,0.832563,0.912269,0.001102,0.000099,0.018779,0.000073,0.000029,0.366949,0.015179,0.007770,0.010101,0.200368,0.000232,0.007550,0.000141,0.000082,5.345572,17.301565,17.301430,15.908753,6.249253,2.447674,9.136690,0.487911,1.385464,1.307705,0.059219,9.213672,12.054352,11.892851,0,0,0,0,0,0,0,0
xpu,mnasnet1_0,32,23.971779,1.339037,2.436300,1.013422,22.296697,0.128494,0.269029,0.318267,0.002227,0.509737,0.023088,21.059946,0.710077,0.142102,1.033426,0.008739,0.000046,0.002047,0.000034,19.135777,0.373867,2.629624,0.384995,0.020026,0.104139,0.028079,0.027849,1.084086,14.317390,31.385151,31.032577,0.856107,0.876900,0.001063,0.000080,0.018911,0.000068,0.000031,0.352312,0.013922,0.007242,0.009454,0.192362,0.000228,0.007420,0.000142,0.000081,5.307260,23.018047,23.017915,21.247941,7.530861,2.348697,13.100815,0.581973,1.759924,1.665888,0.123871,18.449537,17.232452,17.068802,0,0,0,0,0,0,0,0
xpu,phlippe_resnet,128,11.640954,0.547539,0.927780,0.377156,10.876765,0.052632,0.109732,0.205191,0.002282,0.159984,0.010049,10.408202,0.876769,0.147540,1.118935,0.006363,0.000046,0.000877,0.000035,8.327504,0.125262,0.935638,0.899349,0.009072,0.042325,0.653087,0.010882,0.529760,5.692349,10.815498,10.796818,0.299511,0.331619,0.000442,0.000076,0.006501,0.000053,0.000028,0.130797,0.005713,0.002559,0.002893,0.069516,0.000166,0.002547,0.000098,0.000078,1.793514,8.042210,8.042097,6.590834,2.909813,1.112365,3.486722,0.179968,1.447456,1.413412,0.032748,5.956500,5.184721,5.123754,0,0,0,0,0,0,0,0
xpu,hf_Bert,4,20.445657,1.353868,2.815478,0.746237,18.779929,0.159123,0.196566,0.295389,0.003573,0.830963,0.021596,17.185661,0.589800,0.148285,1.100979,0.008619,0.000049,0.000965,0.000029,15.356477,0.376321,3.002463,2.794207,0.046542,0.183586,1.734955,0.014754,1.317808,7.520552,18.309209,18.265141,0.739026,1.479442,0.001000,0.000088,0.018649,0.000062,0.000029,0.404667,0.031491,0.007227,0.008705,0.184696,0.000220,0.007244,0.000132,0.000084,3.524196,11.869675,11.869545,11.323123,5.148597,2.843871,5.863352,0.282057,0.541711,0.476697,0.015407,2.501700,10.971212,10.789599,0,0,0,0,0,0,0,0
xpu,functorch_dp_cifar10,64,11.671013,0.385810,0.643796,0.250400,11.093812,0.037434,0.066967,0.179775,0.002953,0.124444,0.007267,10.758883,0.718991,0.149020,1.107295,0.005491,0.000047,0.000282,0.000033,8.874232,0.114763,1.412322,0.561077,0.022222,0.050969,0.267925,0.010138,0.623360,5.986838,17.799504,17.777769,0.428448,0.418391,0.000578,0.000076,0.008079,0.000055,0.000029,0.153922,0.005329,0.003396,0.004130,0.091088,0.000221,0.003322,0.000102,0.000077,2.053758,14.424487,14.424374,9.211919,4.795756,2.639401,4.243022,0.160472,5.207745,5.174093,0.063723,10.793295,11.915955,11.813346,0,0,0,0,0,0,0,0
xpu,timm_efficientnet,32,29.809044,1.689942,3.155454,1.275835,27.723138,0.170934,0.315122,0.373298,0.002511,0.610880,0.028157,26.098654,0.753716,0.150743,1.098007,0.010568,0.000057,0.002260,0.000040,24.040741,0.463119,3.399640,0.434513,0.027948,0.120671,0.044039,0.034285,1.783076,17.489484,46.177223,46.114110,1.271753,1.553368,0.001406,0.000084,0.029193,0.000070,0.000030,0.510370,0.020297,0.009528,0.012118,0.253684,0.000210,0.009779,0.000146,0.000088,6.902624,35.107262,35.107123,28.455003,10.165140,3.863690,17.485143,0.757569,6.639978,6.499710,0.173157,26.663741,28.955926,28.688955,0,0,0,0,0,0,0,0
xpu,Background_Matting,4,28.585702,1.175676,2.352707,0.851274,27.063796,0.325511,0.280044,0.327914,0.001082,0.360970,0.023963,25.735368,0.716432,0.148709,1.106027,0.009729,0.000051,0.002050,0.000035,23.732145,0.306061,4.169811,0.648659,0.025910,0.180972,0.159127,0.047702,1.691003,16.379014,50.209210,50.153326,0.943788,1.038812,0.001237,0.000077,0.019459,0.000067,0.000030,0.393812,0.027366,0.008659,0.010478,0.230773,0.000219,0.009127,0.000148,0.000084,6.737040,40.433509,40.433365,34.618430,13.230206,7.622932,19.745645,1.608540,5.806304,5.694220,0.113743,19.907343,34.063789,33.831334,0,0,0,0,0,0,0,0
xpu,functorch_maml_omniglot,1,4.858068,0.192589,0.247998,0.108646,4.514308,0.008968,0.021054,0.142685,0.002870,0.064566,0.002608,4.400662,0.701663,0.145105,1.103032,0.004746,0.000049,0.000261,0.000037,2.562456,0.046691,0.261593,0.344611,0.001358,0.007497,0.014897,0.001828,0.061458,1.815440,5.647409,5.643730,0.087630,0.067432,0.000125,0.000073,0.001048,0.000043,0.000028,0.016655,0.000700,0.000461,0.000592,0.011366,0.000159,0.000520,0.000093,0.000078,0.491781,4.905051,4.904945,1.882684,0.906147,0.389508,0.937389,0.034427,3.020006,3.005228,0.010237,0.834758,3.846356,3.832389,0,0,0,0,0,0,0,0
xpu,pytorch_stargan,16,12.562241,0.478265,0.803180,0.291003,11.889424,0.037787,0.083110,0.184276,0.002411,0.207670,0.007750,11.481375,0.714445,0.143614,1.039495,0.006155,0.000047,0.000296,0.000031,9.657753,0.351279,1.164103,0.477494,0.022483,0.045860,0.193488,0.010065,0.607721,6.894367,14.311772,14.292628,0.313650,0.331435,0.000470,0.000084,0.007590,0.000051,0.000028,0.114472,0.004147,0.002822,0.003305,0.076634,0.000184,0.002676,0.000100,0.000082,1.991561,11.252887,11.252775,7.097003,3.577807,1.443050,3.371420,0.135128,4.152303,4.121989,0.057811,11.381302,7.485047,7.418024,0,0,0,0,0,0,0,0
xpu,resnext50_32x4d,8,23.614181,1.207715,2.335009,0.838551,22.074828,0.136643,0.278949,0.312738,0.002667,0.522118,0.023368,20.808543,0.713614,0.143030,1.038022,0.009601,0.000047,0.002144,0.000034,18.876943,0.309690,2.825991,0.397477,0.021692,0.112454,0.030197,0.028859,1.526581,13.446506,25.185931,25.138541,0.811593,0.890171,0.001109,0.000083,0.018505,0.000061,0.000029,0.368466,0.015055,0.007436,0.009428,0.190363,0.000204,0.007257,0.000130,0.000081,4.450031,18.182974,18.182846,16.744877,6.782551,2.109618,9.442810,0.484636,1.430980,1.349409,0.057500,9.074885,11.901106,11.740383,0,0,0,0,0,0,0,0
xpu,hf_T5_base,8,57.142532,4.013271,7.781465,1.569911,52.578789,0.584653,0.569079,0.506721,0.003186,1.947583,0.072144,48.580777,0.583080,0.145194,1.108897,0.023644,0.000053,0.003717,0.000039,46.660318,1.257633,8.480370,3.684507,0.128687,0.276382,2.258562,0.005242,3.684853,28.696800,54.459952,53.360023,1.976703,5.023114,0.002578,0.000080,0.058834,0.000076,0.000029,1.144301,0.019527,0.019216,0.025274,1.599481,0.000223,0.019670,0.000178,0.000084,8.888831,35.779541,35.779391,28.036802,14.827065,9.650004,12.380036,0.759916,7.733698,7.572458,0.030716,6.395342,26.245115,25.764929,0,0,0,0,0,0,0,0
xpu,mobilenet_v2,96,25.675857,1.468191,2.617309,0.902602,23.840048,0.136355,0.274435,0.346611,0.002481,0.540437,0.022782,22.546553,0.710341,0.146404,1.110812,0.008951,0.000050,0.002055,0.000034,20.544424,0.451394,2.794179,0.410323,0.021592,0.111328,0.032703,0.028322,1.492423,14.994827,34.891458,34.839022,0.995063,0.992800,0.001175,0.000079,0.020693,0.000061,0.000033,0.412733,0.016175,0.007747,0.009146,0.209713,0.000205,0.007996,0.000145,0.000082,5.771066,26.052294,26.052157,22.512643,9.084843,3.549639,12.813354,0.577433,3.528442,3.430875,0.128263,20.246117,20.102708,19.897634,0,0,0,0,0,0,0,0
xpu,densenet121,4,65.704932,3.593758,6.187138,2.063168,61.491895,0.324171,0.807375,0.581133,0.002804,1.751360,0.056569,58.632928,0.714161,0.149761,1.114487,0.018709,0.000056,0.005112,0.000043,56.421451,1.080567,8.285178,1.489309,0.074707,0.292479,0.372906,0.067492,3.282090,41.338093,83.176295,81.070013,3.316516,2.918432,0.002603,0.000090,0.062161,0.000068,0.000028,0.885754,0.063055,0.019380,0.025291,1.138696,0.000235,0.020241,0.000172,0.000086,13.878528,58.691487,58.691321,57.538422,28.384982,11.984639,27.656325,1.417263,1.129502,0.898383,0.259168,37.519770,42.320723,41.840103,0,0,0,0,0,0,0,0
xpu,hf_Bert_large,4,35.284676,2.236814,4.485434,1.507070,32.569813,0.285964,0.345826,0.456498,0.002037,0.893012,0.037794,30.121524,0.589299,0.146086,1.100486,0.012445,0.000052,0.001756,0.000031,28.189383,0.659101,5.928150,3.939777,0.087766,0.264981,2.442845,0.027875,2.249901,14.774434,35.310928,35.223370,1.406763,3.538276,0.001835,0.000095,0.036348,0.000073,0.000031,0.798272,0.050941,0.013720,0.017138,0.363787,0.000231,0.013767,0.000158,0.000089,7.494112,21.576135,21.575974,21.370388,9.658040,5.639474,11.020438,0.635459,0.199137,0.078547,0.015876,2.736336,20.878719,20.537859,0,0,0,0,0,0,0,0
xpu,LearningToPaint,96,12.868263,0.550896,0.924609,0.359163,12.111614,0.054648,0.114157,0.194655,0.002281,0.185173,0.009698,11.649486,0.707330,0.146141,1.094810,0.006760,0.000049,0.000948,0.000033,9.759434,0.147167,0.997427,0.786911,0.008861,0.044515,0.328075,0.011914,0.353084,7.322495,13.400662,13.381944,0.338602,0.363031,0.000480,0.000077,0.007309,0.000054,0.000029,0.145201,0.006141,0.002908,0.003485,0.075549,0.000196,0.002875,0.000099,0.000080,2.575182,9.745491,9.745371,6.369721,2.427368,0.992372,3.736087,0.191300,3.371536,3.334493,0.037328,6.421724,6.141330,6.078798,0,0,0,0,0,0,0,0
xpu,pytorch_unet,1,14.946018,0.735197,1.168789,0.408400,13.987520,0.056902,0.118311,0.211146,0.002616,0.337270,0.010976,13.459659,0.876172,0.145496,1.123711,0.006574,0.000051,0.000867,0.000032,11.369392,0.226323,1.333447,0.274297,0.010316,0.049943,0.017306,0.012117,0.581296,8.780999,17.713831,17.692130,0.482358,0.405011,0.000616,0.000081,0.009378,0.000061,0.000030,0.154535,0.007447,0.003243,0.003997,0.085731,0.000202,0.003416,0.000101,0.000079,2.517867,13.764874,13.764752,12.236559,4.313730,1.153115,7.684281,0.222375,1.522015,1.470145,0.091624,16.666145,9.006423,8.933497,0,0,0,0,0,0,0,0
xpu,timm_nfnet,128,28.659070,2.094115,3.519557,0.940214,26.216329,0.239526,0.261920,0.327467,0.002847,1.201736,0.032144,24.646921,0.728542,0.147370,1.114742,0.012580,0.000050,0.002849,0.000036,22.635007,0.545578,3.686970,0.874338,0.038354,0.132820,0.369436,0.053833,2.225245,14.805541,35.836622,35.775937,1.218847,1.231523,0.001418,0.000082,0.023899,0.000062,0.000029,0.526192,0.011865,0.009308,0.010565,0.254434,0.000180,0.009801,0.000131,0.000086,6.348503,25.840097,25.839959,24.648721,9.907567,4.530207,14.086330,0.602699,1.183194,1.083531,0.109694,21.434128,21.764090,21.032224,0,0,0,0,0,0,0,0
xpu,shufflenet_v2_x1_0,128,28.034877,1.335380,2.564443,0.911306,26.337271,0.166670,0.296100,0.340848,0.002854,0.423857,0.028342,24.957718,0.714967,0.143818,1.127828,0.011173,0.000050,0.002485,0.000035,22.919728,0.341988,3.056491,0.496107,0.028896,0.123225,0.092895,0.031116,1.606908,16.990058,51.316517,50.799687,0.917161,0.995933,0.001232,0.000080,0.023316,0.000061,0.000029,0.397649,0.016366,0.008079,0.009509,0.217829,0.000195,0.008306,0.000139,0.000082,5.970840,41.753821,41.753688,30.730087,13.094649,4.419719,16.984275,0.611679,11.014053,10.915110,0.166809,28.976926,34.537270,34.327562,0,0,0,0,0,0,0,0
xpu,hf_BigBird,2,48.823716,41.467167,1.978428,0.711669,6.596853,0.105140,0.208779,0.700441,0.017821,0.483235,0.029790,45.558268,0.584699,0.146971,1.097585,0.016151,0.000469,0.001597,0.000454,43.734107,0.390451,1.713330,2.123973,0.023220,0.058024,1.495104,0.005340,0.648825,38.596868,46.883387,46.851163,0.247146,0.460356,0.000883,0.000451,0.007711,0.000334,0.000214,0.134556,0.008509,0.002579,0.003087,0.156495,0.001181,0.002945,0.000705,0.000597,2.146085,43.332738,43.332002,31.914732,3.071594,0.659916,28.727581,0.097300,11.440589,1.340010,5.988021,0.036425,6.801717,0.000059,11.639388,0.002796,0.000211,8.404402,8.292656,0.001046,0.009333,0
xpu,mobilenet_v3_large,32,24.926579,1.582036,2.897979,1.148273,22.976490,0.143439,0.501039,0.347351,0.003455,0.645401,0.024818,21.508965,0.722805,0.143173,1.035196,0.009981,0.000055,0.002070,0.000037,19.564907,0.536832,2.916191,0.401453,0.021494,0.110522,0.038456,0.024829,1.411368,13.901059,37.589763,37.536218,1.128905,1.290516,0.001193,0.000079,0.022195,0.000077,0.000030,0.411876,0.016530,0.008071,0.010173,0.215494,0.000224,0.008278,0.000144,0.000083,6.080782,27.879264,27.879130,24.865357,9.414089,4.240878,14.567227,0.844999,3.001315,2.897889,0.177294,27.665886,23.900104,23.689777,0,0,0,0,0,0,0,0
xpu,soft_actor_critic,256,5.013785,0.800960,0.240502,0.092344,4.070236,0.007915,0.014175,0.131321,0.005450,0.042179,0.002811,4.569787,0.710097,0.144956,1.039559,0.005009,0.000077,0.000167,0.000061,2.786977,0.036395,0.108087,0.887523,0.001060,0.003872,0.547703,0.000499,0.031139,1.700784,3.062393,3.059534,0.022896,0.039249,0.000159,0.000123,0.000805,0.000081,0.000053,0.006202,0.001190,0.000271,0.000364,0.003873,0.000269,0.000388,0.000174,0.000150,0.094613,2.830760,2.830584,0.324868,0.131819,0.072347,0.177834,0.011021,2.503500,0.955924,1.537405,0.005226,1.014811,1.371585,1.362315,0,0,0,0,0,0,0
xpu,Super_SloMo,6,36.783239,1.057493,1.739855,0.396191,35.485680,0.119826,0.119107,0.226550,0.001426,0.689614,0.022459,34.689181,0.877535,0.145536,0.010205,0.000076,0.001065,0.000058,33.764400,0.478788,2.375704,0.680486,0.029294,0.096567,0.072608,0.016068,0.874572,29.126437,41.744901,41.703007,1.103943,0.650000,1.149361,0.000705,0.000081,0.018212,0.000060,0.000029,0.278546,0.012274,0.004439,0.004893,0.311671,0.000196,0.004737,0.000114,0.000081,4.951479,33.132111,33.131949,24.256907,9.445034,2.989047,14.389319,0.390231,8.867224,8.795333,0.131474,28.228447,12.742084,12.689582,0,0,0,0,0,0,0,0
xpu,hf_DistilBert,8,12.174367,0.733375,1.284551,0.368538,11.252935,0.074868,0.102374,0.178922,0.001901,0.315437,0.011727,10.609028,0.586664,0.147161,1.094722,0.007090,0.000053,0.000553,0.000031,8.844177,0.225815,1.827188,1.672119,0.023045,0.125783,1.225579,0.008261,0.691730,4.255313,10.734415,10.712514,0.373248,0.758583,0.000589,0.000075,0.008921,0.000053,0.000028,0.208007,0.021420,0.003472,0.003892,0.093055,0.000179,0.003093,0.000102,0.000079,2.202166,7.023492,7.023371,5.562554,2.211532,1.150013,3.196214,0.138957,1.457443,1.420163,0.017100,3.035699,6.573000,6.479749,0,0,0,0,0,0,0,0
xpu,nanogpt,1,10.908318,0.807959,1.449424,0.464231,9.887532,0.122935,0.134593,0.197665,0.002977,0.374277,0.020260,9.136789,0.866813,0.143528,1.123033,0.009245,0.000049,0.001039,0.000030,7.036985,0.258581,1.869549,0.936135,0.028192,0.061252,0.424790,0.013085,0.739246,3.021585,9.381213,9.351909,0.439404,0.775588,0.000680,0.000073,0.010012,0.000056,0.000029,0.172850,0.016378,0.004321,0.004721,0.374946,0.000183,0.004284,0.000107,0.000078,2.058798,5.654003,5.653884,4.858735,1.558617,0.730682,3.136951,0.139825,0.792273,0.745451,0.005513,0.767798,6.500079,6.360401,0,0,0,0,0,0,0,0
xpu,resnet152,32,57.869779,3.271211,6.342821,2.645207,53.890476,0.388321,0.772727,0.665241,0.003069,0.793439,0.063895,50.507181,0.727282,0.145713,1.125624,0.021228,0.000061,0.006173,0.000044,48.184268,0.724519,7.976898,0.829148,0.065542,0.330027,0.074191,0.085990,4.007753,33.600677,62.215710,60.894957,2.090972,2.522501,0.002878,0.000080,0.051339,0.000063,0.000028,1.068253,0.040185,0.021155,0.024962,0.545025,0.000195,0.021974,0.000148,0.000085,12.728877,41.571582,41.571426,41.201751,16.799196,6.538177,22.563890,1.735499,0.356985,0.153091,0.026296,29.088921,28.617042,0,0,0,0,0,0,0,0,0
xpu,alexnet,128,6.782005,0.181898,0.253221,0.105271,6.445648,0.012038,0.025389,0.145345,0.003049,0.061284,0.002939,6.310032,0.715321,0.145919,1.115167,0.004869,0.000048,0.000130,0.000028,4.443989,0.049970,0.267453,0.380034,0.001218,0.006149,0.014223,0.000049,0.043182,3.674360,12.567438,12.564422,0.074177,0.046426,0.000104,0.000074,0.000579,0.000045,0.000026,0.005588,0.000720,0.000332,0.000469,0.007979,0.000149,0.000367,0.000092,0.000077,0.409967,11.907479,11.907378,4.049175,2.020416,0.341114,1.982452,0.041115,7.856150,7.841604,0.025629,4.988281,8.904029,8.893482,0,0,0,0,0,0,0,0
xpu,hf_T5_large,2,106.531438,7.046249,14.238930,3.053665,98.530141,1.124664,0.521161,0.877679,0.002410,3.571628,0.131940,90.951703,0.582869,0.144276,1.108876,0.041383,0.000058,0.007267,0.000040,88.842422,2.366176,17.014271,7.172551,0.252543,0.548248,4.499098,0.009411,7.562086,52.989586,96.927467,96.685506,3.840141,8.559545,0.004920,0.000100,0.113606,0.000084,0.000032,2.357322,0.036506,0.036852,0.047344,1.766383,0.000231,0.038616,0.000193,0.000092,19.731358,61.395581,61.395423,58.094151,29.854425,21.964540,26.025363,2.070915,3.286553,2.989943,0.024479,3.652559,44.895999,43.940883,0,0,0,0,0,0,0,0
xpu,basic_gnn_edgecnn,1,5.972001,0.371018,0.559666,0.189081,5.442947,0.021065,0.020416,0.148371,0.003225,0.076380,0.004869,5.189921,0.146160,0.144920,1.103827,0.006013,0.000059,0.000204,0.000028,3.907561,0.046175,0.229664,0.205293,0.002192,0.008288,0.023633,0.000405,0.043642,3.359264,4.612240,4.609270,0.033261,0.047948,0.000109,0.000072,0.000777,0.000042,0.000027,0.007245,0.001544,0.000348,0.000453,0.007650,0.000147,0.000397,0.000090,0.000075,0.155022,4.304900,4.304798,0.811719,0.207109,0.097425,0.583474,0.017498,3.491371,2.079968,1.399685,0.007521,1.964699,1.264533,1.253361,0,0,0,0,0,0,0
xpu,hf_GPT2,4,22.248537,4.159772,4.827074,0.865640,17.718464,0.281946,0.210633,0.340226,0.003876,0.834504,0.028718,16.891848,0.584824,0.144693,1.094456,0.011895,0.000081,0.001510,0.000059,15.088846,0.401797,2.908213,1.696413,0.042524,0.090458,1.131816,0.015593,1.326990,8.449992,18.039293,17.999350,0.677099,1.118486,0.000985,0.000102,0.017998,0.000083,0.000043,0.390521,0.030539,0.006398,0.008025,0.165543,0.000304,0.006504,0.000184,0.000120,4.276527,11.343620,11.343454,10.848214,4.376255,2.568328,5.711962,0.733741,0.491011,0.436917,0.014755,2.254796,9.739157,9.590331,0,0,0,0,0,0,0,0
xpu,speech_transformer,32,50.175683,11.186211,3.514329,1.592712,38.335846,0.238711,0.624035,0.605022,0.010815,0.794755,0.078550,45.655453,0.704193,0.140814,1.071612,0.023336,0.000300,0.003558,0.000270,43.505781,0.981487,28.669385,4.710531,0.059966,0.134169,3.788579,0.018220,44.872746,44.601141,0.929428,1.664186,0.000972,0.001414,0.000278,0.023679,0.000210,0.000124,0.465515,0.035584,0.008251,0.009403,0.293639,0.000740,0.008451,0.000429,0.000347,4.734901,36.301548,36.301086,18.573258,8.751314,5.612009,9.417217,0.363440,17.718374,0.460295,17.164993,0.035504,5.747645,7.335774,1.325387,0.000032,16.791596,16.573159,0,0,0,0,0
xpu,timm_regnet,32,29.844262,2.112474,3.968004,1.616632,27.260279,0.225829,0.411742,0.440488,0.004210,0.564145,0.034456,25.180985,0.720509,0.148932,1.098568,0.011781,0.000060,0.002766,0.000035,22.853666,0.433786,3.425329,0.460938,0.030594,0.147056,0.036363,0.035843,1.826726,16.186053,33.048070,32.982774,1.130074,1.204822,0.001427,0.000078,0.024550,0.000059,0.000029,0.487455,0.019182,0.009699,0.011151,0.263555,0.000187,0.009708,0.000136,0.000082,7.213392,22.335857,22.335715,21.139134,8.970806,3.521577,11.318368,0.796038,1.187576,1.070904,0.066579,13.320907,17.126615,16.863233,0,0,0,0,0,0,0,0
xpu,basic_gnn_gcn,1,8.846527,5.836010,0.491933,0.224504,2.608723,0.019363,0.040365,0.367540,0.014246,0.064990,0.007614,7.805719,0.147862,0.146168,1.096089,0.008174,0.000203,0.000509,0.000174,6.510778,0.047102,5.974860,0.202616,0.000992,0.007904,0.017174,0.000242,6.798629,6.792920,0.022449,0.042520,0.000258,0.000248,0.000362,0.000472,0.000157,0.000094,0.004277,0.000856,0.000397,0.000594,0.005745,0.000497,0.000629,0.000302,0.000266,0.115125,6.453649,6.453323,0.416780,0.120730,0.012852,0.275927,0.013538,6.039705,1.756092,4.265684,0.009041,1.744639,0.339169,0.035650,0.000855,0.000386,0.003336,1.014323,1.001485,0,0,0
xpu,hf_Whisper,8,9.965138,9.662346,0.440828,0.149412,0.082146,0.015828,0.036869,0.201499,0.007153,0.103091,0.003460,9.202095,0.579461,0.143269,1.103455,0.006054,0.000079,0.000222,0.000056,7.479212,0.072643,0.294946,1.091951,0.003652,0.009315,0.895616,0.001121,0.073302,5.904253,10.444893,10.439769,0.072029,0.080718,0.000208,0.000125,0.001681,0.000084,0.000053,0.019083,0.002366,0.000629,0.000735,0.014042,0.000295,0.000703,0.000175,0.000157,0.719667,9.428190,9.427996,1.830354,0.777155,0.335622,1.017576,0.029674,7.594786,2.089165,5.489624,0.018523,4.044140,4.561346,4.541424,0,0,0,0,0,0,0
xpu,basic_gnn_gin,1,5.690750,0.361609,0.541866,0.199674,5.165258,0.019888,0.024412,0.151000,0.006144,0.066915,0.003902,4.921610,0.148365,0.147031,1.092176,0.005013,0.000050,0.000193,0.000032,3.648386,0.039536,0.164564,0.201433,0.001254,0.006431,0.021845,0.000053,0.036769,3.185754,4.174661,4.172049,0.025509,0.040932,0.000101,0.000076,0.000197,0.000039,0.000026,0.004001,0.001676,0.000299,0.000379,0.006231,0.000148,0.000346,0.000090,0.000076,0.133407,3.911017,3.910920,0.457010,0.125365,0.035090,0.314224,0.013911,3.452102,2.317310,1.124079,0.005957,1.451755,0.998150,0.989298,0,0,0,0,0,0,0
xpu,lennard_jones,1000,3.830716,0.128782,0.153709,0.084469,3.564599,0.006396,0.016715,0.125715,0.006569,0.032813,0.001708,3.484700,0.695662,0.143069,1.104568,0.004460,0.000048,0.000095,0.000029,1.654036,0.024731,0.111241,0.338933,0.001230,0.002854,0.015696,0.000448,0.028588,1.133875,1.871077,1.868860,0.023428,0.048751,0.000095,0.000072,0.000809,0.000041,0.000029,0.009834,0.000890,0.000230,0.000305,0.004709,0.000148,0.000282,0.000092,0.000078,0.106361,1.643135,1.643044,0.250638,0.062755,0.009968,0.175815,0.009108,1.391063,0.946288,0.436581,0.003131,0.582955,0.745347,0.737562,0,0,0,0,0,0,0
xpu,basic_gnn_sage,1,6.402071,0.327655,0.476730,0.171653,5.924716,0.020430,0.018695,0.140975,0.002804,0.071237,0.003771,5.715614,0.146236,0.145080,1.105834,0.004855,0.000052,0.000197,0.000031,4.433318,0.041571,0.253307,0.354343,0.001683,0.010763,0.036662,0.000091,0.060718,3.694751,4.824818,4.821625,0.026295,0.074213,0.000129,0.000110,0.000527,0.000055,0.000033,0.006728,0.016261,0.000371,0.000515,0.007645,0.000197,0.000435,0.000113,0.000095,0.163298,4.486583,4.486464,0.633357,0.314374,0.036316,0.302259,0.012140,3.851659,2.474728,1.366407,0.005564,1.297212,1.138300,1.130544,0,0,0,0,0,0,0
xpu,timm_resnest,32,17.486727,0.898958,1.461715,0.476378,16.342251,0.081575,0.137904,0.232850,0.002034,0.402240,0.014107,15.678852,0.922114,0.149685,1.095397,0.007505,0.000049,0.001342,0.000039,13.559781,0.298162,1.467160,0.326531,0.011769,0.053945,0.056540,0.013058,0.693071,10.574170,27.636371,27.612118,0.579527,0.785326,0.000593,0.000080,0.009047,0.000055,0.000028,0.272466,0.006677,0.003531,0.004012,0.099795,0.000181,0.003512,0.000100,0.000079,2.649733,22.982362,22.982246,17.450481,8.829845,4.417523,8.342629,0.259132,5.524988,5.472173,0.106338,18.559658,17.154835,17.062865,0,0,0,0,0,0,0,0
xpu,hf_GPT2_large,4,55.988911,7.928708,11.583299,2.470975,47.413780,1.114268,0.581845,0.577447,0.004530,2.413577,0.076433,43.457833,0.589881,0.146062,1.098451,0.022332,0.000083,0.003660,0.000067,41.472459,0.983504,7.804309,3.830739,0.125910,0.262342,2.502022,0.044497,4.087779,23.901264,49.150018,49.038851,1.929981,3.218553,0.002506,0.000078,0.052283,0.000065,0.000030,1.148903,0.064909,0.017325,0.020469,0.472364,0.000211,0.017502,0.000164,0.000088,10.680358,31.665802,31.665666,31.434155,14.326905,8.566073,16.232588,0.802044,0.227066,0.060734,0.015337,2.774687,0.000516,0.000232,0.001707,25.692523,25.250468,0,0,0,0,0
xpu,timm_vision_transformer,32,11.858816,0.850707,1.539438,0.533178,10.758524,0.104559,0.137331,0.234804,0.002388,0.304468,0.015556,9.962951,0.898972,0.144285,1.092548,0.008186,0.000048,0.000820,0.000031,7.866675,0.213693,1.719382,0.731835,0.026999,0.059153,0.394973,0.012199,0.711553,4.286686,12.931946,12.904144,0.414164,0.697204,0.000654,0.000079,0.010239,0.000056,0.000029,0.167239,0.014700,0.004178,0.004449,0.311095,0.000196,0.004426,0.000111,0.000081,2.310432,9.055760,9.055636,7.630042,3.125088,1.059040,4.301669,0.180232,1.422189,1.369210,0.012946,2.284089,8.767756,8.646041,0,0,0,0,0,0,0,0
xpu,hf_Longformer,2,46.819270,41.731842,3.386342,0.596968,4.653076,0.279713,0.127970,0.404041,0.007370,1.109794,0.085277,42.714480,0.597042,0.144794,1.097389,0.023743,0.000161,0.003643,0.000123,40.798330,1.665557,10.079593,3.227137,0.153664,0.336337,2.071921,0.018037,2.132267,22.912060,55.216322,55.146525,1.269935,4.402175,0.002200,0.000221,0.058204,0.000172,0.000099,0.439797,0.019237,0.011226,0.012679,1.992131,0.000613,0.011945,0.000343,0.000264,8.186389,40.163015,40.162645,30.372130,13.287611,6.588150,16.654569,0.395467,9.782178,1.445305,8.254310,0.039361,7.526509,0.000070,32.631634,32.308795,0,0,0,0,0,0
xpu,timm_vision_transformer_large,32,33.608861,2.584954,4.795615,1.552713,30.012172,0.322262,0.427715,0.977844,0.002310,0.919469,0.048043,27.575814,0.961033,0.144136,1.101586,0.015256,0.000053,0.002424,0.000036,25.234680,0.660612,6.013645,2.067383,0.097023,0.200679,1.333655,0.040622,2.651153,13.171542,37.403346,37.306185,1.346872,2.353241,0.001887,0.000075,0.043765,0.000061,0.000028,0.562952,0.046474,0.014015,0.014992,1.105344,0.000186,0.013772,0.000134,0.000084,7.710546,24.561128,24.560986,24.079985,9.718784,4.907984,13.594456,0.690629,0.473588,0.310690,0.013889,3.400127,24.648069,24.233435,0,0,0,0,0,0,0,0
xpu,hf_Reformer,8,46.153325,24.683272,2.010957,0.530469,16.954440,0.090214,0.123154,0.574314,0.013924,0.514070,0.029944,43.178953,0.582296,0.145126,0.016538,0.000429,0.001595,0.000672,42.472851,0.513409,40.834711,0.561898,0.007620,0.025814,0.135166,0.002987,44.521720,44.495988,1.100259,0.155898,0.185959,0.002412,0.000620,0.000408,0.006133,0.000315,0.000190,0.052303,0.004974,0.001566,0.011829,0.032536,0.001033,0.002015,0.000604,0.000520,1.047320,41.661177,41.660512,20.341162,1.433760,0.636092,18.840233,0.054440,21.307574,0.667176,21.089456,0.028162,0.169506,0.055158,5.345005,3.894123,0.000076,0.009787,0.000557,0.000261,0.001734,4.141662,4.122899
xpu,timm_vovnet,32,20.875958,1.112911,1.969248,0.752385,19.452713,0.116954,0.207399,0.294251,0.002500,0.320312,0.018848,18.469292,0.917423,0.146401,1.093593,0.008335,0.000046,0.001633,0.000035,16.307961,0.254761,2.105444,0.583867,0.017687,0.084772,0.023815,0.021542,0.964473,12.100783,25.285964,25.249143,0.760491,0.693164,0.000883,0.000077,0.015176,0.000060,0.000028,0.278654,0.011888,0.005607,0.006791,0.147796,0.000176,0.005844,0.000121,0.000078,3.914513,19.143589,19.143464,17.981684,7.520525,2.874733,10.039165,0.394146,1.153939,1.082787,0.088274,13.247793,13.322565,13.186045,0,0,0,0,0,0,0,0
xpu,hf_Roberta_base,4,19.714309,1.299472,2.571829,0.694285,18.110295,0.154083,0.180171,0.291517,0.002827,0.520018,0.020956,16.710536,0.583069,0.145602,1.093888,0.008816,0.000048,0.000969,0.000029,14.896268,0.374216,2.967727,2.694723,0.045807,0.178045,1.700084,0.015047,1.177910,7.350860,17.566081,17.524145,0.730018,1.462578,0.001017,0.000075,0.017517,0.000058,0.000029,0.405641,0.030842,0.006506,0.007263,0.181458,0.000183,0.006737,0.000129,0.000083,3.478996,11.230436,11.230306,10.879418,4.920080,2.721244,5.652027,0.278247,0.346023,0.282713,0.011553,1.431615,10.392952,10.216081,0,0,0,0,0,0,0,0
xpu,torch_multimodal_clip,32,23.712942,1.604011,3.081853,0.909030,21.772217,0.169080,0.265992,0.314887,0.002688,0.743910,0.027149,20.144177,0.702202,0.145163,1.092349,0.010121,0.000051,0.001225,0.000031,18.165406,0.583125,4.331660,1.798013,0.063722,0.143914,1.011000,0.026162,1.390652,9.620291,26.998304,26.937267,0.945942,1.582326,0.001302,0.000077,0.022668,0.000062,0.000030,0.320360,0.026971,0.009274,0.010121,0.810338,0.000182,0.008658,0.000124,0.000081,5.791768,17.718599,17.718470,15.357255,5.145275,2.110650,9.731343,0.434566,2.355376,2.254279,0.023769,3.423867,17.985901,17.379191,0,0,0,0,0,0,0,0
xpu,tts_angular,64,3.097362,1.795367,0.101996,0.075611,1.111816,0.003039,0.011854,0.174953,0.004852,0.003745,2.724323,0.702260,0.145505,0.004886,0.000126,0.000251,0.000110,0.891724,0.014164,0.711617,0.373374,0.000470,0.002835,0.000488,0.000115,1.197417,0.007853,1.100614,0.043568,0.019356,1.194469,0.007567,0.029223,0.000075,0.000072,0.000341,0.000041,0.000029,0.003265,0.000243,0.000124,0.000182,0.004855,0.000144,0.000192,0.000087,0.000079,0.063727,1.060703,1.060615,0.124803,0.038737,0.005136,0.079739,0.004116,0.934721,0.927897,0.000344,0.001227,0.794023,0.789462,0.143303,0,0,0,0,0,0,0
xpu,vgg16,64,6.307743,0.237014,0.366378,0.146086,5.928310,0.020350,0.036730,0.134108,0.002465,0.075546,0.004078,5.735869,0.699414,0.145069,1.087869,0.005045,0.000054,0.000185,0.000030,3.905294,0.064587,0.409032,0.353855,0.002002,0.009814,0.013722,0.000051,0.062175,2.971221,7.543291,7.538159,0.118636,0.061185,0.000118,0.000072,0.000547,0.000044,0.000033,0.007058,0.000682,0.000527,0.000620,0.013529,0.000152,0.000534,0.000090,0.000077,0.744453,6.488428,6.488327,3.203695,1.566865,0.567568,1.553776,0.075787,3.282009,3.262052,0.020967,4.968126,4.588710,4.572492,0,0,0,0,0,0,0,0
xpu,vision_maskrcnn,1,49.883252,9.753531,7.260089,1.985290,38.863010,0.610013,0.639662,1.156441,0.031891,1.846973,0.081321,40.762122,0.708073,0.144213,1.093161,0.031233,0.000811,0.004508,0.000825,38.578389,0.881307,2.880352,1.013651,0.031013,0.100760,0.373829,0.009809,0.867668,32.083711,37.492895,37.447051,0.557352,0.587624,0.001727,0.000989,0.009685,0.000731,0.000486,0.125338,0.017247,0.005736,0.006804,0.208539,0.002587,0.006738,0.001620,0.001431,2.819557,32.207450,32.205894,23.842988,2.113298,0.273243,20.839100,0.837169,8.343449,8.041086,0.079127,18.285725,0.000763,1.169684,5.497002,0.000278,0.003214,0.000115,5.271821,0,0,0
xpu,yolov3,8,56.029512,3.868578,7.809772,2.563297,51.259142,0.375396,0.758258,0.872134,0.002674,1.405347,0.064723,47.016119,0.923667,0.145382,1.101596,0.012032,0.000059,0.002965,0.000042,44.186125,0.539391,3.919868,0.771102,0.040285,0.157127,0.068167,0.039357,1.710973,36.682951,71.722285,71.650920,1.308156,3.003024,0.001668,0.000077,0.036054,0.000061,0.000031,0.577939,0.021610,0.010880,0.012825,0.293462,0.000191,0.010938,0.000140,0.000084,6.943171,58.770077,58.769962,49.147611,15.464631,7.996068,32.841903,0.791159,9.821333,1.657209,9.400592,0.104951,17.572228,35.315022,35.040496,0.347835,0.024347,0.012180,0.092193,0,0,0
