dev,name,batch_size,_compile.compile_inner,compile_attempt_0,bytecode_tracing,variable_builder_call,compile_attempt_1,create_proxy,wrap_to_fake_tensor_and_record,build_guards,gc,get_fake_value,insert_deferred_runtime_asserts,OutputGraph.call_user_compiler,inductor_import,inductor_codecache_torch_key,CacheBase.get_system.triton_key,_recursive_pre_grad_passes,pass.pre_grad_passes.group_batch_fusion_passes,pass.pre_grad_passes.efficient_conv_bn_eval_pass,pass.pre_grad_passes.apply_gumbel_max_trick_pass,create_aot_dispatcher_function,aot_collect_metadata,aot_trace_joint_graph,_recursive_joint_graph_passes,pass.joint_graph_passes.remove_noop_ops,pass.joint_graph_passes.constant_fold_uniform_value,pass.joint_graph_passes.pass_pattern_0,pass.joint_graph_passes.pass_pattern_1,min_cut_rematerialization_partition,compile_fx.<locals>.fw_compiler_base,compile_fx_inner,fx_codegen_and_compile,additional_fake_tensor_prop,_recursive_post_grad_passes,pass.post_grad_passes.remove_profiler_ops,pass.post_grad_passes.post_grad_custom_pre_pass,pass.post_grad_passes.remove_noop_ops,pass.post_grad_passes.remove_assert_ops,pass.post_grad_passes.pass_pattern_0,pass.post_grad_passes.pass_pattern_1,pass.post_grad_passes.pass_pattern_2,pass.post_grad_passes.stable_sort,pass.post_grad_passes.move_constructors_to_cuda,pass.post_grad_passes.reinplace_inplaceable_ops,pass.post_grad_passes.decompose_triton_kernel_wrapper_functional,pass.post_grad_passes.decompose_auto_functionalized,pass.post_grad_passes.decompose_scan_to_while_loop,pass.post_grad_passes.decompose_map_to_while_loop,GraphLowering.run,GraphLowering.compile_to_fn,GraphLowering.compile_to_module,GraphLowering.codegen,Scheduler.__init__,Scheduler.fused_nodes,Scheduler.codegen,PythonWrapperCodegen.generate,PyCodeCache.load_by_key_path,async_compile.wait,TritonBundler.collect,CachingAutotuner.benchmark_all_configs,AOTAutogradCache.inductor_load,TritonBundler.read_and_emit,TritonBundler.load_cached_static_autotuners,StaticAutotunerFuture.warm_precompile,backward._backward_impl,compile_fx.<locals>.bw_compiler
xpu,repvgg_a2,128,26.882381,1.417110,2.787596,1.229362,25.069224,0.153653,0.475077,0.373429,0.002482,0.317617,0.024504,23.541694,0.720241,0.145322,1.065069,0.010089,0.000050,0.002318,0.000037,21.292249,0.280366,2.863644,0.409175,0.020994,0.116371,0.033458,0.033158,1.562493,15.792963,26.554675,26.506053,0.804827,0.942806,0.001135,0.000086,0.019865,0.000064,0.000035,0.398272,0.018368,0.007451,0.008775,0.201379,0.000213,0.007872,0.000135,0.000081,4.841729,18.129097,18.128977,17.425330,7.510605,3.283255,9.405575,0.476154,0.697619,0.623769,0.035443,7.053240,10.918078,10.762673,0,0,0,0
xpu,gernet_l,128,25.446545,1.560288,3.002652,1.248247,23.490929,0.158198,0.463028,0.371511,0.002414,0.407296,0.024752,21.888894,0.732569,0.150757,1.110748,0.010521,0.000053,0.002305,0.000038,19.591330,0.332288,2.945172,0.421996,0.024115,0.121054,0.032907,0.031062,1.590287,13.902454,26.172925,26.121312,0.847978,0.947183,0.001187,0.000080,0.020530,0.000062,0.000028,0.385073,0.016214,0.007976,0.009760,0.207348,0.000209,0.007827,0.000137,0.000080,4.739690,17.701735,17.701609,17.183470,7.180553,2.294511,9.379888,0.585292,0.511008,0.425258,0.058920,10.913579,12.449628,12.271496,0,0,0,0
xpu,convnext_base,64,23.289563,1.670853,3.212033,1.266079,21.229555,0.208346,0.307992,0.362933,0.003263,0.615666,0.032267,19.517171,0.726259,0.154748,1.106723,0.010919,0.000059,0.001424,0.000031,17.218627,0.643817,3.154648,1.029423,0.042554,0.108081,0.580999,0.020011,1.518776,10.473095,38.186527,38.129125,0.868207,1.344544,0.001114,0.000079,0.018740,0.000057,0.000027,0.341291,0.023613,0.008340,0.010037,0.596059,0.000227,0.008440,0.000146,0.000085,5.425568,28.193539,28.193411,24.255025,10.320873,5.580808,13.333275,0.553352,3.931033,3.821797,0.094224,19.222000,27.964284,27.714682,0,0,0,0
xpu,dm_nfnet_f0,128,27.319257,1.676782,3.066255,0.849026,25.285858,0.210322,0.233219,0.333728,0.002437,1.005976,0.031756,23.759004,0.724789,0.148119,1.079211,0.012547,0.000054,0.002781,0.000038,21.616968,0.526917,3.480087,0.822326,0.039511,0.136676,0.361193,0.032419,1.791037,14.493691,36.375834,36.311329,1.233865,1.253965,0.001468,0.000079,0.025090,0.000074,0.000028,0.519863,0.012192,0.010081,0.012834,0.262909,0.000221,0.009930,0.000150,0.000084,6.939767,24.615669,24.615546,23.934570,9.894068,4.494433,13.373239,0.615338,0.672517,0.561288,0.117730,20.365645,22.185854,21.883369,0,0,0,0
xpu,mobilenetv3_large_100,512,26.091960,1.570299,2.783810,1.091036,24.156508,0.143377,0.436530,0.343329,0.003235,0.607153,0.023751,22.800340,0.716232,0.144763,1.034511,0.009576,0.000052,0.001968,0.000035,20.632216,0.517956,2.939099,0.396235,0.021819,0.111412,0.034824,0.024547,1.195451,15.183824,39.663025,39.288160,1.139217,1.261007,0.001208,0.000080,0.021970,0.000067,0.000030,0.403885,0.016282,0.008034,0.010235,0.208346,0.000204,0.007932,0.000134,0.000080,5.868617,28.858265,28.858146,23.587202,9.056759,3.556096,13.540984,0.951376,5.258452,5.153462,0.174201,29.628191,24.685427,24.480290,0,0,0,0
xpu,tinynet_a,128,33.139626,1.915733,3.509036,1.400348,30.782429,0.197353,0.533634,0.417045,0.003042,0.655089,0.033153,28.997095,0.716226,0.148018,1.103132,0.011555,0.000054,0.002570,0.000033,26.625517,0.755514,3.530268,0.897195,0.034577,0.552583,0.050955,0.040993,1.698377,19.187567,49.554331,49.478751,1.606268,1.980639,0.001640,0.000087,0.034207,0.000071,0.000029,0.679494,0.030084,0.017958,0.021386,0.302666,0.000225,0.011358,0.000157,0.000088,8.492166,34.229065,34.228936,28.741594,12.617758,5.371197,15.211238,0.854807,5.468436,5.310648,0.165211,29.089695,30.674682,30.368149,0,0,0,0
xpu,sebotnet33ts_256,64,34.488461,1.867741,2.946777,1.031339,32.234585,0.169463,0.235691,0.361620,0.004328,0.704361,0.027017,31.008537,0.726594,0.148322,1.106860,0.011384,0.000088,0.002156,0.000063,28.807572,0.534094,3.095941,2.367770,0.034184,0.110590,1.969484,0.026549,1.525863,20.876853,45.836058,45.783469,1.057623,1.824168,0.001271,0.000148,0.026311,0.000114,0.000053,0.448631,0.017946,0.008399,0.011594,0.511900,0.000371,0.008532,0.000244,0.000158,7.325995,33.107518,33.107307,30.599367,15.340079,5.620117,14.631814,0.590601,2.494601,2.405421,0.669418,30.927059,25.177840,24.960595,0,0,0,0
xpu,lcnet_050,256,16.396160,0.914189,1.508712,0.554572,15.218060,0.079713,0.155539,0.249232,0.002188,0.330136,0.013749,14.518786,0.890855,0.150091,1.104443,0.007448,0.000051,0.001223,0.000036,12.282252,0.349579,1.712500,0.519638,0.014444,0.271938,0.027879,0.014727,0.557980,8.885832,24.023149,23.992655,0.939229,0.804539,0.000811,0.000077,0.014565,0.000063,0.000029,0.271246,0.010832,0.004750,0.005454,0.130557,0.000198,0.005043,0.000114,0.000081,3.693216,17.318412,17.318293,14.698714,5.894179,2.632572,8.418021,0.363757,2.608045,2.506701,0.098420,15.786769,15.278595,15.138063,0,0,0,0
xpu,convnextv2_nano.fcmae_ft_in22k_in1k,128,16.031447,0.963384,1.675180,0.582360,14.785585,0.124454,0.148945,0.265169,0.002573,0.360178,0.020061,13.959328,0.927605,0.147250,1.093597,0.008519,0.000056,0.000860,0.000031,11.700718,0.244756,1.535797,0.595602,0.017794,0.055837,0.072816,0.009242,0.433721,8.684884,25.604986,25.212301,0.492064,0.691126,0.000614,0.000078,0.011702,0.000056,0.000027,0.199635,0.009046,0.004044,0.004915,0.280435,0.000196,0.004132,0.000113,0.000080,3.205951,19.662591,19.662475,15.557070,6.529931,3.087061,8.661192,0.339915,4.098930,4.037546,0.075551,16.072110,17.041472,16.920931,0,0,0,0
xpu,adv_inception_v3,128,49.877044,2.536547,4.440492,1.806860,46.796006,0.261382,0.490526,0.512793,0.003181,0.666925,0.041522,44.665835,0.962387,0.148975,1.090861,0.014514,0.000059,0.003665,0.000038,41.904267,0.562585,4.953925,0.565986,0.040243,0.199828,0.046366,0.049637,2.386174,32.731279,69.493267,69.402953,1.620485,1.689313,0.001904,0.000084,0.036344,0.000064,0.000029,0.677350,0.028534,0.014483,0.018793,0.373365,0.000228,0.013967,0.000163,0.000084,11.806648,50.748608,50.748474,44.660027,17.160773,5.577381,26.384715,1.050263,6.074015,5.917699,0.208143,34.501856,38.716214,36.763486,0,0,0,0
xpu,selecsls42b,128,22.167927,1.152357,1.954809,0.732382,20.701243,0.110369,0.224392,0.296393,0.002653,0.403917,0.017877,19.774176,0.921556,0.143556,1.039024,0.008923,0.000060,0.001704,0.000035,17.476613,0.305752,2.135977,0.650407,0.019247,0.091572,0.028310,0.023577,1.050010,13.024464,23.194468,23.154657,0.762461,0.721886,0.000910,0.000098,0.015477,0.000065,0.000029,0.288857,0.012169,0.005872,0.007464,0.156565,0.000227,0.006146,0.000132,0.000081,4.978821,15.177527,15.177401,14.032267,5.509758,1.679766,8.068872,0.425244,1.137372,1.064788,0.079306,14.322001,10.310008,10.170975,0,0,0,0
xpu,beit_base_patch16_224,64,20.722005,1.066527,1.912393,0.653576,19.382165,0.142276,0.197605,0.253916,0.002827,0.505831,0.021432,18.412620,0.907532,0.147307,1.095763,0.010504,0.000072,0.001102,0.000029,16.103401,0.387100,2.934725,1.545927,0.042806,0.091587,1.117759,0.013883,1.155946,9.774433,22.846147,22.790197,0.855855,1.407412,0.000981,0.000097,0.023686,0.000084,0.000030,0.374299,0.016815,0.006840,0.008442,0.465532,0.000238,0.006658,0.000132,0.000083,3.900706,14.665573,14.665445,13.446015,4.970936,1.760517,8.162659,0.284098,1.214710,1.148115,0.025290,5.597895,13.296418,13.072733,0,0,0,0
xpu,tnt_s_patch16_224,128,39.391946,2.036649,4.038368,1.155774,36.961232,0.273972,0.339515,0.361798,0.003705,1.305160,0.042825,34.772738,0.742503,0.152278,1.088413,0.014041,0.000051,0.002047,0.000034,32.215186,0.712084,5.712023,4.549301,0.091912,0.184814,3.553921,0.328629,2.573497,18.045503,51.131137,51.037301,1.431205,3.182711,0.002054,0.000084,0.050286,0.000080,0.000028,0.556304,0.035976,0.014757,0.018867,1.918554,0.000225,0.014590,0.000175,0.000082,8.301163,35.345333,35.345192,30.199033,12.528488,5.575611,16.976448,0.636915,5.138428,5.005365,0.048343,11.413901,33.470039,33.087096,0,0,0,0
xpu,crossvit_9_240,256,28.880924,1.637626,3.136541,1.137098,26.901505,0.195547,0.468509,0.317185,0.002556,0.792957,0.029962,25.248157,0.729093,0.150285,1.094758,0.011599,0.000055,0.001370,0.000030,23.052287,0.545557,3.820400,2.547112,0.058552,0.128704,1.930473,0.119842,1.946983,13.774372,33.342954,33.286906,0.901403,1.816979,0.001279,0.000098,0.028850,0.000073,0.000028,0.360738,0.030384,0.009173,0.010661,0.656307,0.000231,0.009055,0.000138,0.000082,5.384660,23.254790,23.254655,18.798964,7.615213,3.375523,10.710204,0.434550,4.448785,4.356930,0.061358,11.909040,20.223120,19.569735,0,0,0,0
xpu,levit_128,1024,41.717311,2.119461,3.903802,1.378421,39.185210,0.264309,0.358539,0.382887,0.003170,1.000604,0.037028,37.211343,0.968018,0.146075,1.108667,0.014177,0.000055,0.003281,0.000037,34.591791,0.731546,4.957357,4.845171,0.060922,0.175165,4.245045,0.037104,2.436796,21.053726,45.271684,45.197647,1.166576,2.316159,0.001613,0.000088,0.033859,0.000062,0.000030,0.749177,0.024759,0.011537,0.014169,0.578261,0.000229,0.011903,0.000156,0.000084,7.736371,31.489450,31.489322,30.450052,11.857201,3.819977,16.888220,1.664200,1.029300,0.923057,0.112380,23.685983,25.063542,24.219263,0,0,0,0
xpu,mobilevit_s,64,35.705632,1.886779,3.301038,1.202635,32.724844,0.178767,0.442926,1.066667,0.003863,0.810104,0.028311,31.147059,0.725267,0.150083,1.107291,0.010932,0.000055,0.001946,0.000040,28.879146,0.560550,3.246203,0.816652,0.041759,0.121012,0.372760,0.032347,1.627845,21.927108,56.912993,56.853177,1.110908,1.785239,0.001291,0.000077,0.029262,0.000070,0.000030,0.417857,0.022453,0.009246,0.011587,0.577720,0.000201,0.009229,0.000135,0.000083,8.630906,42.948294,42.948161,40.637926,21.279522,7.090138,18.314341,1.001344,2.300209,2.176144,0.178198,31.188853,0.009626,0.000492,0.000192,0.001025,35.230231,34.987162
xpu,ghostnet_100,512,41.524920,2.545643,4.271754,1.662151,38.462948,0.240278,0.622352,0.486468,0.002526,0.852968,0.040108,36.525195,0.960722,0.149977,1.094563,0.013439,0.000050,0.003278,0.000037,33.806707,0.631831,4.565741,0.539506,0.041604,0.177007,0.044537,0.043105,2.433528,25.011678,72.786936,72.707019,1.594365,1.471004,0.001678,0.000087,0.033140,0.000064,0.000029,0.591393,0.026860,0.012512,0.016829,0.322165,0.000237,0.012405,0.000151,0.000079,10.197373,56.006658,56.006522,46.800675,18.556597,7.773375,27.093056,1.089975,9.186094,8.995580,0.321020,60.381848,48.066854,47.776637,0,0,0,0
xpu,mixer_b16_224,128,14.451516,0.775794,1.386258,0.503433,13.440852,0.087397,0.134345,0.221104,0.002418,0.282527,0.014369,12.725921,0.889793,0.146503,1.107516,0.007673,0.000057,0.000686,0.000030,10.513841,0.203954,1.764194,2.038941,0.027464,0.062628,1.439860,0.011998,0.510009,5.789090,16.425676,16.397782,0.421022,0.551856,0.000655,0.000082,0.014481,0.000059,0.000029,0.212730,0.015187,0.004198,0.004667,0.112712,0.000182,0.004161,0.000115,0.000081,2.825365,11.595316,11.595201,7.490604,2.388535,1.102817,4.934817,0.147589,4.101277,4.052065,0.023868,4.773255,10.769051,10.637335,0,0,0,0
xpu,res2net101_26w_4s,128,77.740337,4.176673,7.949268,2.876359,72.786987,0.483191,1.101733,0.728466,0.003893,1.084392,0.076962,68.663920,0.722508,0.143800,1.035184,0.024149,0.000057,0.006980,0.000043,65.343757,0.924025,8.806764,0.946654,0.079667,0.384486,0.084726,0.095647,4.983729,48.353249,97.216714,97.037479,2.813274,3.874667,0.003611,0.000101,0.071263,0.000074,0.000030,1.315297,0.060668,0.026962,0.033281,0.705578,0.000217,0.028296,0.000159,0.000087,16.332058,68.078297,68.078127,62.805143,24.546812,10.670542,35.856146,2.273855,5.255848,4.992731,0.185878,37.585398,50.891686,48.865821,0,0,0,0
xpu,spnasnet_100,128,29.215852,1.760884,3.180734,1.280720,27.051272,0.166965,0.496108,0.380567,0.003223,0.593958,0.027463,25.469869,0.741708,0.149103,1.124658,0.011114,0.000056,0.002570,0.000036,23.087120,0.452056,3.333737,0.438650,0.025748,0.132615,0.035088,0.034343,1.705034,16.713029,38.221196,38.165350,1.020554,1.058248,0.001300,0.000079,0.021791,0.000065,0.000029,0.431323,0.017378,0.008841,0.010443,0.231300,0.000211,0.008895,0.000149,0.000085,5.994860,27.739677,27.739549,24.396854,9.306028,3.247573,14.359495,0.689073,3.330414,3.218410,0.140736,22.435001,22.310797,21.509302,0,0,0,0
xpu,botnet26t_256,128,26.939763,1.271723,2.115981,0.662050,25.367372,0.123877,0.177390,0.281797,0.002997,0.549770,0.019690,24.405026,0.925554,0.149600,1.088125,0.009461,0.000062,0.001593,0.000034,22.117073,0.413375,2.068510,2.099807,0.023226,0.077248,1.561855,0.017405,0.903801,16.370450,33.840242,33.807922,0.662820,0.929782,0.000810,0.000077,0.015061,0.000066,0.000030,0.257059,0.009427,0.005283,0.006391,0.344932,0.000207,0.005333,0.000119,0.000080,4.543342,26.352352,26.352224,23.611813,12.099553,4.029803,11.069625,0.419413,2.731862,2.651553,0.111789,19.946677,17.585175,17.470596,0,0,0,0
xpu,nfnet_l0,128,26.365010,1.523927,2.797913,0.989479,24.498760,0.189415,0.437551,0.322195,0.002080,0.766558,0.029508,23.092517,0.730226,0.149565,1.112104,0.012055,0.000056,0.002743,0.000036,20.919916,0.485070,3.163841,0.801200,0.038132,0.119087,0.369707,0.036925,1.505582,14.519138,32.183502,32.129024,1.061617,1.111755,0.001228,0.000075,0.022543,0.000058,0.000027,0.472523,0.009154,0.008400,0.009172,0.229937,0.000177,0.008903,0.000130,0.000082,5.475808,22.415321,22.415195,21.027410,7.889132,3.265684,12.499379,0.588591,1.378966,1.274249,0.097967,18.382207,17.935127,17.665403,0,0,0,0
xpu,twins_pcpvt_base,128,36.433199,2.594463,4.720932,1.716475,33.340626,0.331817,0.461894,0.460581,0.003646,1.074858,0.050479,30.983582,0.950855,0.147830,1.097189,0.015732,0.000053,0.002519,0.000034,28.211346,0.734863,5.758530,2.007507,0.085980,0.188952,1.297755,0.041514,2.341486,16.711725,49.695948,49.596399,1.416209,2.236023,0.001880,0.000077,0.038096,0.000077,0.000029,0.527455,0.042211,0.014322,0.017546,0.380019,0.000212,0.014497,0.000154,0.000082,9.541275,32.883056,32.882842,30.731591,13.518835,6.053703,16.138370,0.934288,2.140380,1.939767,0.083167,18.062260,33.421290,32.986011,0,0,0,0
xpu,cspdarknet53,64,34.517083,1.815972,3.451471,1.420448,32.237776,0.196413,0.508593,0.437420,0.002226,0.507325,0.030988,30.423345,0.722483,0.149007,1.093474,0.011771,0.000054,0.002769,0.000037,27.859095,0.498019,3.548134,0.804465,0.331250,0.148264,0.065010,0.037240,1.754652,20.713090,40.017814,39.947697,1.238699,2.091715,0.001633,0.000090,0.036928,0.000077,0.000030,0.546120,0.021464,0.010698,0.013333,0.279950,0.000219,0.010932,0.000144,0.000083,7.882128,26.225860,26.225733,24.964358,10.069366,4.677388,14.036265,0.811487,1.249872,1.139494,0.125184,24.082286,19.578386,19.305936,0,0,0,0
xpu,dpn107,64,66.773655,3.691249,6.502881,2.201765,62.425308,0.343927,0.597211,0.614540,0.003562,1.650554,0.057227,59.341470,0.724035,0.148079,1.084369,0.017396,0.000055,0.004588,0.000037,56.672166,0.919872,6.356333,0.665287,0.057050,0.251236,0.049882,0.059628,3.279026,44.628556,79.560563,79.450676,2.109195,2.721140,0.002284,0.000083,0.052067,0.000079,0.000049,0.777489,0.037654,0.016757,0.021812,1.199151,0.000235,0.016515,0.000165,0.000082,10.784905,59.444192,59.444046,52.551942,19.803018,7.153135,28.879085,3.795546,6.862464,6.561844,0.393695,82.554101,36.496804,34.933681,0,0,0,0
xpu,deit_base_distilled_patch16_224,64,12.238629,0.878309,1.578136,0.557732,11.105987,0.104859,0.143679,0.237985,0.002435,0.320913,0.016983,10.294494,0.938582,0.148550,1.107843,0.008476,0.000057,0.000839,0.000029,8.025409,0.225679,1.768571,0.959344,0.027812,0.059218,0.398382,0.012295,0.479145,4.387196,13.387678,13.359881,0.421735,0.710777,0.000662,0.000079,0.010760,0.000057,0.000029,0.169611,0.015128,0.004275,0.004735,0.316682,0.000210,0.004487,0.000116,0.000086,2.930385,8.281860,8.281739,7.072844,2.675993,1.239258,4.196758,0.176192,1.205363,1.147432,0.009740,1.643375,9.128301,9.001281,0,0,0,0
xpu,pit_b_224,64,14.682183,1.140457,1.960105,0.648979,13.271078,0.130463,0.166870,0.252323,0.003069,0.499681,0.020391,12.329378,0.970456,0.378711,1.106635,0.009181,0.000055,0.000951,0.000029,9.998874,0.330298,2.108314,1.070922,0.031114,0.067726,0.462891,0.013368,0.777451,5.477698,17.675200,17.641127,0.505039,0.799713,0.000715,0.000075,0.012188,0.000061,0.000029,0.182316,0.016274,0.005119,0.005890,0.368080,0.000199,0.004981,0.000124,0.000081,2.873942,12.231418,12.231304,11.195644,4.876932,2.134133,6.054204,0.238271,1.030624,0.965589,0.040816,8.541220,12.342182,12.198444,0,0,0,0
xpu,visformer_small,128,23.280434,1.174363,2.275110,0.875134,21.809785,0.130892,0.186565,0.276913,0.003199,0.420570,0.021971,20.587142,0.721993,0.148664,1.100768,0.009459,0.000058,0.001639,0.000035,18.477581,0.329954,2.366607,2.232066,0.025382,0.085853,1.779790,0.123758,1.061281,12.171737,23.854712,23.814068,0.826999,1.013078,0.001337,0.000104,0.022445,0.000078,0.000029,0.413443,0.014974,0.006550,0.008247,0.222810,0.000220,0.006659,0.000136,0.000084,4.372636,16.138455,16.138332,13.258305,5.753717,2.309557,7.037039,0.436045,2.873830,2.803526,0.066133,13.911530,11.832219,11.683907,0,0,0,0
xpu,deit_tiny_patch16_224.fb_in1k,128,12.558144,0.900797,1.598629,0.568696,11.397368,0.104872,0.146542,0.241583,0.003330,0.322969,0.016623,10.587149,0.925195,0.148377,1.107689,0.008390,0.000054,0.000833,0.000031,8.334932,0.214892,1.773545,1.023480,0.028672,0.060661,0.404843,0.012416,0.498235,4.614921,14.264281,14.233113,0.425652,0.720747,0.000655,0.000100,0.010883,0.000061,0.000029,0.168114,0.015225,0.004491,0.005466,0.323711,0.000214,0.004492,0.000125,0.000084,2.993999,9.064601,9.064486,7.047203,2.353407,1.031849,4.488458,0.181647,2.013906,1.959699,0.010539,1.554334,9.771860,9.650260,0,0,0,0
xpu,gluon_inception_v3,256,48.036064,2.668119,4.690517,1.896385,44.807204,0.268550,0.508111,0.528146,0.003377,0.718343,0.043224,42.558393,1.040303,0.150650,1.099509,0.014498,0.000057,0.003747,0.000039,39.693056,0.561774,4.920769,0.565011,0.040046,0.196607,0.046895,0.049854,2.584408,30.355837,66.547127,66.456778,1.622235,1.665372,0.001922,0.000077,0.035592,0.000064,0.000029,0.679974,0.027023,0.013852,0.016878,0.363794,0.000208,0.013845,0.000149,0.000083,9.974977,49.638301,49.638160,43.834010,16.809204,5.054002,25.879535,1.080819,5.789853,5.629773,0.200315,29.929482,37.962754,36.192775,0,0,0,0
xpu,swin_base_patch4_window7_224,64,54.441019,3.120202,5.466962,1.217535,50.384025,0.459827,0.325432,0.901152,0.002152,1.802505,0.063674,47.826218,0.973003,0.145126,1.046268,0.019761,0.000058,0.003323,0.000037,45.276578,1.172669,6.561672,5.841262,0.109570,0.204526,4.868135,0.028612,2.847259,28.139790,57.608857,57.524077,1.480999,2.285006,0.001836,0.000078,0.040796,0.000064,0.000030,0.773254,0.032779,0.013128,0.014746,0.359916,0.000185,0.013218,0.000132,0.000084,8.704170,42.249666,42.249534,39.116698,19.350741,9.328084,19.012326,0.700012,3.114463,2.965101,0.127605,24.327049,29.826446,29.470485,0,0,0,0
xpu,cait_m36_384,4,57.016207,3.325507,6.356270,1.887343,52.998777,0.466182,0.603343,0.633830,0.003563,1.872495,0.069976,49.599497,0.729395,0.149520,1.094094,0.021175,0.000057,0.003373,0.000187,46.887539,1.183705,9.685753,5.378333,0.143052,0.313431,4.326095,0.040490,3.726675,25.927352,68.625963,68.483961,2.281427,5.565560,0.004018,0.000097,0.061242,0.000075,0.000031,1.109395,0.052604,0.020540,0.023904,1.690200,0.000238,0.021219,0.000162,0.000084,11.898120,43.756651,43.756478,42.349634,13.704000,5.931194,25.099023,3.449891,1.395669,0.232155,0.059040,10.729480,43.471585,42.700738,0,0,0,0
xpu,eca_botnext26ts_256,128,27.930724,1.406215,2.552784,0.707557,26.221427,0.136848,0.188222,0.284995,0.002891,0.862292,0.022274,24.949133,0.745059,0.152662,1.107357,0.009915,0.000051,0.001680,0.000039,22.805192,0.453445,2.644752,1.518919,0.028646,0.089145,1.157626,0.021943,1.128401,16.729083,36.500369,36.458039,0.874599,1.359000,0.000986,0.000087,0.021249,0.000067,0.000029,0.349814,0.014289,0.006667,0.008511,0.395171,0.000219,0.006690,0.000128,0.000083,5.711347,26.951541,26.951417,24.237337,12.073012,4.524034,11.602005,0.535683,2.704490,2.638252,0.110748,23.720490,20.387145,19.772209,0,0,0,0
xpu,vit_base_patch14_dinov2.lvd142m,128,16.145088,0.907729,1.651580,0.602857,14.968849,0.114523,0.160311,0.251010,0.002397,0.314529,0.017741,14.109355,0.927496,0.150326,1.096654,0.008672,0.000050,0.000901,0.000031,11.838872,0.223733,1.805053,3.591795,0.049760,0.118096,0.589626,0.012304,0.852381,5.098728,15.950066,15.914554,0.780421,1.160916,0.000693,0.000084,0.011333,0.000067,0.000028,0.177523,0.014682,0.005059,0.006258,0.736834,0.000224,0.004963,0.000128,0.000082,2.643278,10.025759,10.025644,8.075708,3.210161,1.341451,4.634883,0.204036,1.946355,1.891541,0.012376,3.710833,10.989813,10.852325,0,0,0,0
xpu,gmixer_24_224,128,22.181195,1.489246,2.963331,0.942546,20.334898,0.212227,0.257801,0.332321,0.002617,0.570813,0.031443,18.700909,0.739055,0.151688,1.096619,0.011561,0.000058,0.001594,0.000031,16.470380,0.390832,3.712837,2.089588,0.051045,0.117722,1.606652,0.027334,1.603767,8.263361,26.683773,26.626624,0.878584,1.157014,0.001307,0.000079,0.030737,0.000061,0.000029,0.444501,0.032136,0.009324,0.010982,0.245208,0.000205,0.009722,0.000138,0.000083,5.012884,17.651381,17.651258,14.998114,5.698976,2.354710,8.939707,0.321796,2.648712,2.576600,0.023803,5.432780,18.685904,18.421541,0,0,0,0
xpu,mixnet_l,128,45.573310,2.587496,4.572077,1.691617,42.439397,0.277889,0.434740,0.515817,0.002364,0.823136,0.047224,40.242487,1.026639,0.147809,1.123993,0.015296,0.000060,0.003290,0.000037,37.448757,0.639920,4.281629,0.509429,0.039495,0.162033,0.047702,0.039195,2.147761,29.270006,77.249057,77.167533,1.514093,1.892036,0.001626,0.000079,0.037766,0.000063,0.000028,0.585200,0.030114,0.011654,0.013227,0.317393,0.000201,0.012024,0.000144,0.000081,8.559396,61.654676,61.654539,50.418323,20.980108,8.962004,27.894183,1.472577,11.218678,11.031178,0.398517,88.061725,48.318066,47.980477,0,0,0,0
xpu,res2net50_14w_8s,128,72.887887,3.468003,6.726877,2.707503,68.744314,0.413594,1.047008,0.633497,0.002847,0.984934,0.071894,65.174700,0.734348,0.144881,1.046284,0.022677,0.000065,0.006165,0.000043,62.264262,0.917869,8.345616,0.818099,0.067370,0.328398,0.071518,0.079790,4.210270,46.814439,97.182398,97.024346,2.668194,2.964266,0.003295,0.000082,0.065249,0.000076,0.000028,1.143527,0.054590,0.024918,0.032801,0.666770,0.000235,0.025690,0.000188,0.000089,15.048226,70.811180,70.811020,60.126640,24.455103,10.948143,33.123934,2.435109,10.650914,10.334295,0.265562,50.916484,51.020362,50.370045,0,0,0,0
xpu,vit_base_patch16_224,64,12.018400,0.871624,1.567197,0.553370,10.887630,0.104567,0.139221,0.242030,0.002814,0.309131,0.016750,10.083656,0.914090,0.147832,1.091070,0.008245,0.000053,0.000808,0.000031,7.856279,0.214169,1.732152,0.968475,0.027926,0.058869,0.404906,0.012436,0.478219,4.256878,13.430896,13.400210,0.428441,0.734583,0.000647,0.000092,0.011205,0.000064,0.000029,0.170735,0.015590,0.004569,0.005920,0.330135,0.000229,0.004539,0.000119,0.000083,3.050143,8.126976,8.126848,7.199842,2.689613,1.223666,4.305676,0.180559,0.923806,0.862802,0.007568,0.927560,9.301942,9.174897,0,0,0,0
xpu,dla102,128,46.547539,2.679338,4.792373,1.741022,42.415800,0.302953,0.536861,1.417828,0.003238,0.658871,0.049862,40.062135,1.025718,0.151522,1.091715,0.015372,0.000050,0.004162,0.000037,37.140842,0.539459,5.428846,0.629390,0.046836,0.229903,0.048195,0.056866,2.582475,27.211971,48.905517,48.809369,1.610039,1.759294,0.002075,0.000077,0.038207,0.000066,0.000030,0.722412,0.031588,0.015152,0.018554,0.387232,0.000223,0.015213,0.000165,0.000086,9.358767,32.606223,32.606090,32.111638,13.082999,4.677356,17.694615,1.263088,0.482371,0.322311,0.088082,18.858369,22.038787,21.695168,0,0,0,0
xpu,swsl_resnext101_32x16d,32,41.460635,2.458348,4.422379,1.847323,38.464463,0.265769,0.721109,0.509087,0.002489,0.597076,0.044042,36.275716,0.950878,0.149253,1.107201,0.014753,0.000055,0.004042,0.000038,33.423351,0.522673,5.125092,0.622577,0.044009,0.223446,0.054652,0.057157,2.507211,23.938568,45.217434,45.124815,1.476548,1.712146,0.001975,0.000079,0.035471,0.000061,0.000027,0.698835,0.028738,0.014556,0.018001,0.381394,0.000229,0.014378,0.000158,0.000081,9.601962,28.967632,28.967499,27.292752,9.994871,3.594043,16.225684,1.004457,1.665429,1.518458,0.052992,10.728160,21.610257,21.280373,0,0,0,0
xpu,gmlp_s16_224,128,25.005727,1.361061,2.712391,1.113809,23.299733,0.189571,0.441531,0.320494,0.003162,0.512693,0.027617,21.791154,0.728738,0.151063,1.095552,0.010992,0.000055,0.001413,0.000029,19.549981,0.368976,3.756557,1.974346,0.054909,0.124702,1.467957,0.029359,1.760984,11.248905,30.926640,30.862680,1.436141,1.201594,0.001428,0.000082,0.036387,0.000072,0.000030,0.448436,0.028207,0.010175,0.012823,0.260951,0.000227,0.010115,0.000150,0.000080,5.023250,21.110336,21.110205,19.076260,7.288575,3.527703,11.399303,0.348873,2.028609,1.938528,0.023569,4.714652,19.972473,19.678991,0,0,0,0
xpu,coat_lite_mini,128,23.925562,1.363286,2.210169,0.537843,22.296310,0.155231,0.142983,0.246961,0.002911,0.770995,0.025881,21.330117,0.937283,0.147746,1.096840,0.010070,0.000051,0.001158,0.000030,19.063996,0.518013,2.458615,3.300302,0.036927,0.080170,2.643440,0.011156,0.853240,11.672298,41.948110,41.914399,0.645482,1.372079,0.000767,0.000074,0.017473,0.000061,0.000029,0.263440,0.017248,0.005463,0.006229,0.455735,0.000204,0.005279,0.000123,0.000083,4.900980,33.597566,33.597449,27.219696,12.504556,5.018887,14.236178,0.453864,6.368414,6.272636,0.161053,33.942157,30.428306,30.276675,0,0,0,0
xpu,vit_base_patch16_siglip_256,128,14.121773,0.958701,1.700836,0.588980,12.896473,0.111635,0.151850,0.248229,0.003189,0.373157,0.017728,12.036521,0.903156,0.147363,1.094006,0.008403,0.000054,0.000896,0.000032,9.807766,0.259734,1.912500,1.060677,0.030755,0.065508,0.437799,0.012480,0.880194,5.465313,16.218946,16.187214,0.468953,1.084474,0.000679,0.000092,0.013381,0.000068,0.000030,0.173976,0.015992,0.004602,0.005101,0.342709,0.000228,0.005217,0.000124,0.000082,2.520838,11.034521,11.034399,8.073365,3.012033,1.217643,4.841482,0.194552,2.957433,2.903257,0.017021,3.582067,10.892662,10.754478,0,0,0,0
xpu,eca_halonext26ts,128,33.201543,1.446465,2.555336,0.865993,31.444333,0.143408,0.352803,0.293539,0.002191,0.677762,0.022750,30.211223,0.730067,0.152012,1.095130,0.009967,0.000055,0.001738,0.000035,28.096403,0.511199,2.871959,1.470901,0.028681,0.093868,1.101728,0.021702,1.083556,21.817058,47.182439,47.138004,0.946950,1.444863,0.001028,0.000080,0.022383,0.000069,0.000030,0.348936,0.013995,0.006867,0.008521,0.433128,0.000229,0.007009,0.000139,0.000082,6.819703,36.343758,36.343634,34.028416,18.752334,6.576483,14.828079,0.419950,2.305644,2.233518,0.116912,22.198190,25.547158,25.366352,0,0,0,0
xpu,mnasnet_100,512,24.678535,1.467651,2.620245,1.069063,22.847374,0.136673,0.428591,0.344203,0.002821,0.504641,0.023352,21.549666,0.738615,0.147743,1.109956,0.009465,0.000051,0.002070,0.000034,19.273375,0.373456,2.733336,0.396859,0.020799,0.107675,0.030897,0.029515,1.237717,14.168244,32.016869,31.970951,0.849528,1.169235,0.001060,0.000080,0.018133,0.000090,0.000031,0.354304,0.013616,0.007068,0.008478,0.183759,0.000211,0.007106,0.000133,0.000082,4.656161,23.412686,23.412564,20.989640,7.838874,2.493781,12.488284,0.627654,2.416031,2.323583,0.115072,18.251625,0.009261,0.000468,0.000180,0.000919,18.006662,17.849582
xpu,convit_base,64,24.979886,3.459943,6.899862,1.622279,21.082953,0.377723,0.465788,0.402148,0.002772,3.051615,0.056742,17.441988,0.728767,0.147753,0.018797,0.000108,0.002708,0.000089,16.592740,1.141676,6.719791,4.048845,0.099410,0.213843,2.931888,1.095163,0.331461,2.419368,1.613325,4.352368,4.224039,0.029423,0.014572,0.613037,0.425956,0.419069,3.083303,2.812211,0.000034,0,0,0,0,0,0,0,0,0,0,0,0,0,0,0,0,0,0,0,0,0,0,0,0,0,0
xpu,res2next50,128,42.502063,2.073458,3.977415,1.584378,39.943643,0.242138,0.445745,0.454961,0.002968,0.617196,0.040614,37.841473,0.721590,0.145728,1.044972,0.014529,0.000052,0.003535,0.000040,35.132153,0.546650,4.323598,0.798966,0.037832,0.182042,0.043965,0.046545,2.223843,26.585186,55.884297,55.797246,1.569111,1.654842,0.001920,0.000079,0.035971,0.000080,0.000029,0.648785,0.030843,0.014117,0.018551,0.367531,0.000243,0.013869,0.000169,0.000084,9.700101,39.616846,39.616707,34.718346,14.901614,5.407575,18.759031,0.996402,4.885370,4.729899,0.181264,34.671158,29.659702,29.300543,0,0,0,0
xpu,volo_d1_224,64,30.308203,1.690528,3.122558,1.085068,28.274570,0.203115,0.237735,0.318774,0.003058,0.803741,0.029264,26.692737,0.725676,0.147815,1.105561,0.011491,0.000056,0.001551,0.000033,24.505385,0.542930,3.993675,2.687626,0.061488,0.132109,2.171400,0.021505,1.698349,15.146511,37.884773,37.830505,0.894853,1.893661,0.001206,0.000079,0.032064,0.000070,0.000029,0.393463,0.023076,0.009471,0.010974,0.665882,0.000223,0.009065,0.000137,0.000079,5.076759,27.915212,27.915087,23.132968,9.335134,3.389526,13.329945,0.425097,4.775249,4.677729,0.070842,14.132796,22.974433,22.739373,0,0,0,0
xpu,ese_vovnet19b_dw,256,16.666573,0.985554,1.596497,0.580628,15.386157,0.086901,0.150827,0.279602,0.002434,0.342627,0.015587,14.662723,0.904189,0.150842,1.110096,0.007622,0.000060,0.001128,0.000032,12.395579,0.239898,1.506287,0.282939,0.011047,0.056440,0.017401,0.012417,0.650156,9.511402,29.106025,29.080548,0.625039,0.479037,0.000623,0.000084,0.010780,0.000062,0.000030,0.178438,0.007764,0.003870,0.004769,0.104442,0.000191,0.004045,0.000107,0.000077,3.086888,23.171967,23.171848,16.036225,7.157390,2.417721,8.505613,0.350353,7.131407,7.068998,0.604145,19.451716,0.009495,0.000479,0.000176,0.000944,19.693244,19.595321
xpu,tf_efficientnet_b0,128,29.184405,1.865427,3.402123,1.367848,26.909668,0.176247,0.574656,0.384406,0.002927,0.669598,0.030678,25.208744,0.741485,0.149214,1.115137,0.010759,0.000054,0.002243,0.000033,22.875201,0.479805,3.274323,0.432380,0.028364,0.118895,0.043909,0.033753,1.601116,16.620297,44.301481,44.239790,1.285580,1.553748,0.001406,0.000079,0.028828,0.000075,0.000030,0.504723,0.019742,0.009824,0.012388,0.254568,0.000210,0.009919,0.000145,0.000081,6.533067,32.382131,32.382002,28.476747,10.913921,4.376258,16.754138,0.761052,3.892267,3.762666,0.176591,31.443955,27.953925,27.682451,0,0,0,0
xpu,convmixer_768_32,32,30.459667,1.470097,2.943969,1.209409,28.568403,0.181984,0.387831,0.398442,0.002118,0.312379,0.031727,26.896451,0.723508,0.149214,1.090988,0.011396,0.000050,0.002667,0.000034,24.500388,0.288825,3.254287,0.469172,0.029561,0.144569,0.036982,0.035854,1.896672,18.119972,34.556540,34.496999,0.889726,1.828337,0.001395,0.000093,0.025077,0.000078,0.000029,0.454979,0.019590,0.009674,0.012284,0.269054,0.000232,0.010145,0.000206,0.000125,6.377372,23.240600,23.240472,22.111525,7.429897,2.633218,13.971574,0.664827,1.124041,1.031537,0.015303,3.547205,16.644547,16.437696,0,0,0,0
xpu,mobilenetv2_100,128,25.782096,1.592476,2.912772,1.216637,23.827957,0.144058,0.529165,0.340376,0.002960,0.560678,0.023376,22.364428,0.737242,0.147953,1.109570,0.009880,0.000055,0.002052,0.000036,20.110306,0.450398,2.857742,0.412928,0.021757,0.115936,0.033915,0.028616,1.303190,14.678254,34.450435,34.397906,1.401398,0.995596,0.001218,0.000096,0.021252,0.000069,0.000029,0.406023,0.015961,0.008256,0.010169,0.212529,0.000229,0.008263,0.000164,0.000090,5.198970,24.809746,24.809612,22.186893,8.527659,2.886663,13.059024,0.561930,2.612177,2.514843,0.116952,18.829301,19.975645,19.773224,0,0,0,0
xpu,resmlp_12_224,128,12.622138,0.662886,1.170329,0.474471,11.737016,0.080364,0.147478,0.207771,0.003184,0.238041,0.012803,11.128117,0.967133,0.148198,1.123341,0.008022,0.000056,0.000611,0.000029,8.820378,0.175682,1.188086,1.098625,0.013131,0.035531,0.827038,0.000076,0.489128,5.740265,13.533267,13.514298,0.272895,0.277751,0.000414,0.000081,0.004065,0.000053,0.000026,0.068759,0.009118,0.002637,0.002835,0.068645,0.000178,0.002607,0.000101,0.000080,1.791314,10.324506,10.324398,5.904791,2.315510,1.381079,3.432683,0.137773,4.416232,4.378476,0.027598,6.854044,7.872491,7.793698,0,0,0,0
xpu,pnasnet5large,16,102.687593,5.836543,11.286832,4.325019,95.561911,0.680723,1.538960,1.218251,0.002941,1.567985,0.116972,89.592102,0.737429,0.148216,1.112913,0.034664,0.000070,0.008728,0.000052,85.573339,1.106580,11.080351,1.120927,0.095337,0.489506,0.097560,0.113291,6.634335,64.028434,187.345556,185.026318,3.110306,3.571161,0.004262,0.000083,0.079893,0.000069,0.000029,1.359776,0.059462,0.031532,0.038638,0.837128,0.000228,0.032419,0.000165,0.000088,20.133445,149.774184,149.774020,127.000411,52.310361,18.844362,69.878132,4.625330,22.746754,22.330037,0.367176,54.397957,124.085866,123.320224,0,0,0,0
xpu,xcit_large_24_p8_224,16,29.907700,3.270601,6.264441,2.291111,26.077247,0.440325,0.608587,0.519154,0.003249,1.553107,0.068631,22.799340,0.720974,0.148544,0.021288,0.000074,0.004023,0.000072,21.886613,1.147915,9.102427,2.890804,0.120075,0.312393,1.577884,0.381732,4.739500,3.002334,5.687937,5.514253,1.086346,0.022285,0.011060,0.342215,0.084761,0.064881,3.087538,2.758437,0,0,0,0,0,0,0,0,0,0,0,0,0,0,0,0,0,0,0,0,0,0,0,0,0,0,0
xpu,fbnetc_100,512,29.333086,1.756110,3.207996,1.319888,27.158820,0.168919,0.533601,0.395846,0.003264,0.568549,0.028292,25.542223,0.721037,0.148597,1.097988,0.010609,0.000056,0.002505,0.000036,23.199820,0.428393,3.251908,0.433739,0.024639,0.128458,0.034921,0.034931,1.602831,17.049214,40.304244,40.246966,1.027365,1.051414,0.001245,0.000079,0.021094,0.000065,0.000029,0.439279,0.016940,0.008441,0.009188,0.226670,0.000178,0.008627,0.000126,0.000080,6.209219,29.635506,29.635383,25.222153,9.236473,2.938550,15.250662,0.692498,4.404814,4.294237,0.135558,22.397991,0.009595,0.000469,0.000178,0.000969,24.033335,23.256117
xpu,tf_mixnet_l,128,41.518648,2.727053,4.744728,1.721156,38.238845,0.286901,0.437676,0.521195,0.002348,0.833874,0.046698,36.008346,0.969521,0.146460,1.117447,0.015081,0.000053,0.003265,0.000037,33.278953,0.639769,4.311542,0.505029,0.039655,0.160470,0.047076,0.038682,2.074980,25.139204,73.040794,72.963690,1.537491,1.896878,0.001604,0.000078,0.038821,0.000066,0.000029,0.580020,0.030015,0.012290,0.014451,0.320933,0.000187,0.011734,0.000137,0.000084,9.073850,57.111795,57.111664,50.335960,20.934622,9.302833,28.045430,1.286130,6.757975,6.570000,0.316335,66.262350,48.235031,47.902907,0,0,0,0
xpu,resnest101e,64,66.556913,3.934120,7.454972,2.924521,61.796737,0.479801,1.025571,0.774965,0.002485,1.136127,0.077484,57.935461,1.007166,0.144226,1.106419,0.023002,0.000061,0.006344,0.000045,54.621824,0.944273,8.311447,1.211687,0.078880,0.343991,0.393601,0.079874,4.296652,38.686761,93.361741,93.202092,2.576476,5.477464,0.003243,0.000082,0.056957,0.000071,0.000029,1.982855,0.038759,0.023809,0.029064,0.643969,0.000232,0.024439,0.000170,0.000092,14.411596,63.794401,63.794258,60.925966,29.975018,16.015649,29.054523,1.788082,2.852667,2.614931,0.150013,28.862444,55.315892,54.677104,0,0,0,0
xpu,hrnet_w18,128,149.137119,7.905926,15.489625,6.214737,139.588692,0.911460,2.080413,1.541476,0.003812,2.096302,0.140912,131.301774,0.722404,0.148659,1.091383,0.038169,0.000060,0.012656,0.000046,127.023537,1.566673,16.653970,1.614349,0.139873,0.708809,0.189405,0.179419,10.384038,94.461698,164.943052,164.615689,4.490803,8.362608,0.005899,0.000087,0.113354,0.000069,0.000030,2.241523,0.097142,0.043964,0.055751,1.193572,0.000231,0.046645,0.000172,0.000088,27.595656,113.977752,113.977582,112.918227,45.746569,23.413491,60.532797,6.411474,1.032739,0.553036,0.147862,26.586215,73.897643,70.485237,0,0,0,0
xpu,poolformer_m36,64,50.441649,2.111051,3.845876,1.363345,47.806102,0.244863,0.335751,0.491764,0.003021,0.710496,0.038921,45.878376,0.943246,0.144102,1.035654,0.011999,0.000059,0.001607,0.000034,43.387019,0.388471,4.961907,1.838709,0.088456,0.205309,1.161967,0.039741,2.435131,33.015323,97.733885,97.636256,1.617824,1.855277,0.002151,0.000084,0.038352,0.000079,0.000029,0.713169,0.030245,0.015686,0.018680,0.407533,0.000210,0.015712,0.000140,0.000083,11.506403,79.337496,79.337366,66.443589,26.803049,7.787131,38.482171,1.098145,12.882666,12.733161,0.162850,24.060994,65.212058,64.720139,0,0,0,0
xpu,fbnetv3_b,256,45.239684,2.746862,4.747442,1.860658,41.949455,0.272424,0.682350,0.515640,0.002459,0.845821,0.043694,39.727817,0.955052,0.149654,1.098367,0.014804,0.000066,0.003773,0.000038,36.898650,0.937903,5.646803,0.656397,0.046849,0.234153,0.074589,0.048289,2.783082,26.069845,63.523077,62.671782,1.948888,2.602830,0.002303,0.000080,0.045959,0.000065,0.000029,0.893606,0.035997,0.015730,0.018139,0.422963,0.000212,0.015807,0.000144,0.000080,10.879326,43.402733,43.402605,42.634390,16.222897,7.289551,25.073630,1.263075,0.752077,0.572496,0.183648,32.718662,37.893151,37.454708,0,0,0,0
xpu,inception_v3,128,8.490303,2.489701,4.394427,1.776989,5.465984,0.266824,0.487191,0.507046,0.002222,0.663450,0.040965,3.346786,0.943161,0.148268,1.096075,0.596103,0.042266,0.021129,0.292471,0.121339,0.000595,0,0,0,0,0,0,0,0,0,0,0,0,0,0,0,0,0,0,0,0,0,0,0,0,0,0,0,0,0,0,0,0,0,0,0,0,0,0,0,0,0,0,0,0
xpu,regnety_002,1024,24.393254,1.470200,2.798358,1.144938,22.535610,0.159876,0.283401,0.367584,0.002592,0.416681,0.025379,21.059290,0.718132,0.146247,1.106419,0.009734,0.000052,0.002015,0.000037,18.817126,0.339141,2.690507,0.380998,0.022058,0.104765,0.027476,0.025216,1.072493,13.969059,27.663082,27.615409,0.850002,0.873390,0.001037,0.000077,0.017168,0.000065,0.000028,0.343100,0.013124,0.007207,0.008690,0.193509,0.000195,0.007049,0.000134,0.000083,4.745941,19.018375,19.018250,18.077627,7.039993,2.663179,10.301359,0.697202,0.931889,0.840828,0.080368,14.244947,13.875149,13.695058,0,0,0,0
xpu,rexnet_100,256,43.274612,2.432128,4.019764,1.385643,39.488187,0.199049,0.358885,0.428869,0.002449,1.178511,0.031029,37.723653,0.715989,0.144689,1.036349,0.011642,0.000055,0.002672,0.000036,35.206821,0.792685,3.791698,0.720068,0.030431,0.141478,0.042524,0.037044,1.492535,27.884411,70.239159,70.173164,1.607331,1.995393,0.001430,0.000076,0.029007,0.000061,0.000030,0.510193,0.020073,0.009843,0.011341,0.661872,0.000183,0.009451,0.000133,0.000085,7.789358,55.714120,55.714003,43.217398,18.152334,7.847310,24.164201,0.850273,12.475109,12.312808,0.357794,60.628191,42.618821,42.355931,0,0,0,0
