dev,name,batch_size,_compile.compile_inner,compile_attempt_0,bytecode_tracing,variable_builder_call,compile_attempt_1,create_proxy,wrap_to_fake_tensor_and_record,build_guards,gc,get_fake_value,insert_deferred_runtime_asserts,OutputGraph.call_user_compiler,inductor_import,inductor_codecache_torch_key,_recursive_pre_grad_passes,pass.pre_grad_passes.group_batch_fusion_passes,pass.pre_grad_passes.efficient_conv_bn_eval_pass,pass.pre_grad_passes.apply_gumbel_max_trick_pass,create_aot_dispatcher_function,aot_collect_metadata,compile_fx.<locals>.fw_compiler_base,_recursive_joint_graph_passes,pass.joint_graph_passes.remove_noop_ops,pass.joint_graph_passes.constant_fold_uniform_value,pass.joint_graph_passes.pass_pattern_0,pass.joint_graph_passes.pass_pattern_1,compile_fx_inner,CacheBase.get_system.triton_key,fx_codegen_and_compile,TritonBundler.read_and_emit,TritonBundler.load_cached_static_autotuners,PyCodeCache.load_by_key_path,StaticAutotunerFuture.warm_precompile,async_compile.wait,AOTAutogradCache.inductor_load,aot_trace_joint_graph,min_cut_rematerialization_partition,additional_fake_tensor_prop,_recursive_post_grad_passes,pass.post_grad_passes.remove_profiler_ops,pass.post_grad_passes.post_grad_custom_pre_pass,pass.post_grad_passes.remove_noop_ops,pass.post_grad_passes.remove_assert_ops,pass.post_grad_passes.pass_pattern_0,pass.post_grad_passes.pass_pattern_1,pass.post_grad_passes.pass_pattern_2,pass.post_grad_passes.stable_sort,pass.post_grad_passes.move_constructors_to_cuda,pass.post_grad_passes.reinplace_inplaceable_ops,pass.post_grad_passes.decompose_triton_kernel_wrapper_functional,pass.post_grad_passes.decompose_auto_functionalized,pass.post_grad_passes.decompose_scan_to_while_loop,pass.post_grad_passes.decompose_map_to_while_loop,GraphLowering.run,GraphLowering.compile_to_fn,GraphLowering.compile_to_module,GraphLowering.codegen,Scheduler.__init__,Scheduler.fused_nodes,Scheduler.codegen,PythonWrapperCodegen.generate,TritonBundler.collect,backward._backward_impl,compile_fx.<locals>.bw_compiler,CachingAutotuner.benchmark_all_configs
xpu,GoogleFnet,16,3.805859,0.804360,1.471049,0.428604,2.811213,0.099316,0.104494,0.180502,0.001921,0.273979,0.013179,2.060778,0.789832,0.144427,1.031674,0.069781,0.002844,0.001358,0.045335,0.010884,0.000507,0,0,0,0,0,0,0,0,0,0,0,0,0,0,0,0,0,0,0,0,0,0,0,0,0,0,0,0,0,0,0,0,0,0,0,0,0,0,0,0,0,0,0,0
xpu,PLBartForCausalLM,8,7.558461,6.312984,1.420876,0.322524,0.901516,0.045279,0.043791,0.317778,0.008747,0.426333,0.009599,5.660307,0.590569,0.145408,0.007899,0.000242,0.000635,0.000220,3.950375,0.129847,2.766734,0.583963,0.005887,0.016318,0.285684,0.001837,5.001698,1.038613,0.408088,0.111243,4.990516,0.002131,0.000866,2.160557,0.004488,2.133898,0.084767,0.191263,0.000231,0.000126,0.002690,0.000090,0.000052,0.055225,0.035998,0.000840,0.001147,0.019381,0.000318,0.000909,0.000179,0.000151,0.505830,3.871143,3.870939,1.722804,0.775836,0.326817,0.905725,0.034649,0.016786,3.629810,2.443364,2.416223,0
xpu,BertForQuestionAnswering,32,22.958219,1.409001,2.819959,0.697201,21.291585,0.165379,0.186061,0.244532,0.001515,0.610727,0.021078,19.764824,0.594365,0.149501,0.008985,0.000046,0.000991,0.000029,19.107383,0.449738,3.396963,2.642626,0.046190,0.105932,2.030015,1.078925,0.013693,1.303380,10.975847,22.287556,22.231889,0.731770,1.962091,0.001007,0.000075,0.021400,0.000059,0.000029,0.479888,0.397929,0.007198,0.008984,0.187741,0.000210,0.007271,0.000131,0.000082,3.927664,14.227601,14.227483,13.635097,6.257043,4.190179,6.613446,0.736721,0.587440,0.514238,0.020684,4.512352,11.398265,11.312599,0,0,0,0
xpu,RobertaForCausalLM,16,24.521167,1.446578,2.892179,0.926721,22.808553,0.169584,0.397553,0.252462,0.002297,0.630395,0.022094,21.246861,0.595227,0.149241,0.010235,0.000050,0.001024,0.000032,20.588374,0.458009,3.423631,2.665264,0.047784,0.106998,2.038943,1.047062,0.013837,1.315480,12.380682,23.578408,23.522352,0.750907,1.949473,0.001020,0.000076,0.022102,0.000064,0.000035,0.472049,0.399140,0.007392,0.009012,0.185835,0.000204,0.007235,0.000130,0.000080,3.986769,15.418212,15.418094,13.758817,6.270644,3.604307,7.151685,0.308568,1.654187,1.582751,0.024013,5.688152,11.286782,11.198609,0,0,0,0
xpu,PLBartForConditionalGeneration,8,10.493323,7.825184,2.322759,0.522770,2.152763,0.068656,0.092180,0.474539,0.014741,0.317231,0.016483,7.461169,0.583895,0.143293,0.008008,0.000224,0.000672,0.000196,5.665949,0.183591,3.889163,0.598828,0.012660,0.031273,0.238069,0.003691,6.976400,1.031434,6.960882,0.004993,0.002135,2.039687,0.012654,1.996551,0.037075,0.850063,0.231589,0.156536,0.379048,0.000369,0.000158,0.005858,0.000120,0.000069,0.102840,0.095088,0.001565,0.002036,0.037654,0.000420,0.001601,0.000219,0.000189,0.858581,5.071142,5.070876,3.060911,1.165867,0.482405,1.824066,0.061962,0.012425,3.382943,3.332601,0.762781
xpu,ElectraForQuestionAnswering,128,32.439883,1.436805,2.857131,0.706743,30.749115,0.166997,0.187452,0.241472,0.001600,0.630556,0.021558,28.801470,0.597874,0.150560,0.009124,0.000048,0.000999,0.000031,28.139850,0.472500,3.477711,2.666977,0.046701,0.106892,2.047208,1.084104,0.013721,1.298640,19.881615,31.519383,31.463341,0.734525,1.982244,0.001024,0.000077,0.022074,0.000064,0.000029,0.484800,0.403471,0.007325,0.008989,0.190057,0.000222,0.007043,0.000138,0.000082,4.028529,23.320234,23.320114,13.096506,6.007473,3.501596,6.753829,0.307297,10.218731,10.151747,0.024991,5.512257,11.726339,11.638730,0,0,0,0
xpu,AlbertForMaskedLM,4,22.800971,1.137749,2.053850,0.168659,21.526371,0.128428,0.033466,0.125012,0.002535,0.624683,0.016812,20.542384,0.795554,0.151315,0.008978,0.000047,0.000878,0.000029,19.725496,0.474164,3.189797,1.714969,0.046913,0.104579,1.026957,0.014825,1.124191,12.904373,34.997887,34.948642,1.098372,0.625893,1.904024,0.000959,0.000077,0.018591,0.000062,0.000028,0.418156,0.404565,0.006492,0.007985,0.169397,0.000203,0.006473,0.000128,0.000084,3.380725,27.031244,27.031134,10.724406,5.396150,3.037512,5.130380,0.183767,16.301823,16.253524,0.050336,7.311186,22.192594,22.094260,0,0,0,0
xpu,LayoutLMForMaskedLM,16,22.251854,1.444572,2.868212,0.900611,20.549489,0.195041,0.192711,0.244402,0.001711,0.646774,0.025693,19.005468,0.587948,0.144315,0.009906,0.000053,0.001184,0.000030,18.351837,0.462100,3.378793,2.808847,0.046890,0.100681,2.048877,1.035106,0.160209,1.176874,10.183780,21.923053,21.863924,0.792259,1.945456,0.001094,0.000089,0.025226,0.000070,0.000030,0.379145,0.409849,0.007837,0.009992,0.205355,0.000231,0.007744,0.000133,0.000080,4.261706,13.349767,13.349646,12.528695,5.159822,2.472865,7.019051,0.317878,0.816135,0.741519,0.019732,3.772114,11.833995,11.740214,0,0,0,0
xpu,MT5ForConditionalGeneration,16,45.929030,2.387505,4.783281,0.858077,43.229517,0.355804,0.200518,0.284704,0.002354,1.347142,0.045946,40.683154,0.582430,0.142425,0.018738,0.000050,0.002655,0.000034,40.028665,1.189956,5.891147,2.918761,0.101688,0.179673,1.581570,0.005057,2.037634,27.403346,44.652744,44.070547,1.038239,1.322478,3.335768,0.001899,0.000076,0.040425,0.000066,0.000028,0.809673,0.018677,0.012193,0.016597,0.334760,0.000222,0.012096,0.000149,0.000088,5.801443,30.416981,30.416851,18.947732,9.235438,5.529203,9.162649,0.503769,11.462630,11.340641,0.030452,4.747881,17.419007,17.250641,0,0,0,0
xpu,DebertaV2ForMaskedLM,2,39.439557,2.698793,4.991006,1.444695,36.370046,0.400936,0.344499,0.340096,0.002097,1.243160,0.056019,33.875780,0.837600,0.149961,0.016882,0.000053,0.002558,0.000033,32.923729,0.851337,6.555499,3.892824,0.096051,0.229213,2.821395,1.098811,0.026079,2.470804,18.501480,40.524968,40.429923,1.382376,3.975739,0.001867,0.000080,0.041782,0.000064,0.000029,0.916213,0.790282,0.014188,0.216668,0.369557,0.000224,0.013725,0.000156,0.000082,7.965184,24.361406,24.361269,24.062760,9.850452,5.141902,13.451299,0.704202,0.290842,0.148313,0.019518,3.707427,22.201869,22.024849,0,0,0,0
xpu,PegasusForCausalLM,32,8.422672,7.159185,1.473828,0.613774,0.938613,0.041278,0.042144,0.300439,0.007321,0.215607,0.009147,6.477651,0.592839,0.145670,0.008652,0.000221,0.000561,0.000202,4.774266,0.120127,3.698948,0.604382,0.005525,0.015424,0.310310,0.001825,6.805156,1.031906,6.795999,0.001089,0.000446,3.981507,0.002616,3.958326,0.373846,0.100036,0.082809,0.181185,0.000235,0.000131,0.002666,0.000089,0.000052,0.054558,0.029425,0.000836,0.001096,0.019979,0.000332,0.000921,0.000181,0.000150,0.497166,5.733123,5.732922,1.758181,0.815950,0.385813,0.900139,0.035897,0.020570,4.330344,3.382368,3.358971,0
xpu,RobertaForQuestionAnswering,32,22.857355,1.413136,2.800853,0.694701,21.183173,0.166278,0.183577,0.247760,0.001616,0.619191,0.021697,19.680067,0.591465,0.145834,0.009292,0.000049,0.001021,0.000028,19.026004,0.451297,3.424410,2.530925,0.047247,0.110396,1.906503,1.033510,0.013635,1.346863,10.926853,21.611938,21.556034,0.731348,1.967221,0.001016,0.000074,0.022279,0.000062,0.000029,0.479715,0.397981,0.007250,0.009079,0.189334,0.000202,0.007224,0.000133,0.000081,3.982322,13.509131,13.509012,13.380204,6.242221,3.612766,6.815870,0.294062,0.124247,0.052532,0.009787,10.773367,10.685966,0,0,0,0,0
xpu,BlenderbotForCausalLM,4,8.567844,7.228249,1.594327,0.559194,0.995005,0.041432,0.040760,0.316456,0.010033,0.216263,0.009611,6.449573,0.599259,0.149031,0.008060,0.000254,0.000628,0.000219,4.686637,0.127642,3.707965,0.392111,0.005214,0.017279,0.097362,0.001782,6.873272,1.080969,0.398850,0.107061,6.863096,0.001880,0.000739,3.800432,0.003963,3.774689,0.083187,0.182075,0.000242,0.000126,0.002645,0.000086,0.000054,0.055349,0.029027,0.000826,0.001109,0.019724,0.000316,0.000897,0.000174,0.000149,0.496236,5.756215,5.756020,1.967719,0.789287,0.372619,1.136693,0.035405,0.018810,4.068290,3.374596,3.346864,0
xpu,XLNetLMHeadModel,8,53.593734,2.506110,4.835313,1.261982,50.783639,0.296708,0.566259,0.279232,0.001669,1.814297,0.045062,48.289374,0.592794,0.149337,0.014981,0.000047,0.002075,0.000031,47.585692,1.525248,9.761120,6.707958,0.126828,0.310205,4.927820,0.311406,4.305174,24.275895,50.985159,50.848291,1.098896,2.484126,6.170638,0.004352,0.000108,0.072217,0.000069,0.000030,0.749861,0.291661,0.030909,0.037918,1.708654,0.000265,0.029687,0.000223,0.000116,11.232711,25.787247,25.787110,25.517791,11.441806,5.997274,13.191496,0.817492,0.261188,0.098305,0.022774,5.234481,26.994494,26.710787,0,0,0,0
xpu,GPT2ForSequenceClassification,4,31.080683,2.588399,5.110317,1.063786,28.087011,0.383281,0.282378,0.374347,0.002449,1.162820,0.050141,25.399607,0.593293,0.149496,0.017175,0.000083,0.002562,0.000063,24.708829,0.818676,5.315793,3.758693,0.083568,0.188070,2.538801,1.085110,0.029502,2.739384,11.466055,22.388028,22.296831,0.673845,1.703937,0.000958,0.000079,0.021354,0.000062,0.000030,0.445697,0.246579,0.006826,0.008949,0.173656,0.000219,0.006607,0.000124,0.000079,3.910574,14.047254,14.047139,13.498122,6.087625,3.691168,7.155784,0.230555,0.631784,0.506607,0.021213,3.873500,11.535562,10.924086,0.006671,0.003291,0.022822,0
xpu,BlenderbotSmallForCausalLM,256,10.013703,8.762354,1.686041,0.569527,0.922647,0.043071,0.046906,0.300592,0.010453,0.217590,0.008836,7.859816,0.597634,0.148509,0.007683,0.000220,0.000567,0.000193,6.098536,0.124019,4.751359,0.853736,0.005105,0.016631,0.560339,0.001853,7.450356,1.086997,7.440962,0.001118,0.000421,4.485103,0.002278,4.462277,0.387771,0.104797,0.089851,0.184990,0.000229,0.000130,0.002633,0.000087,0.000053,0.053661,0.034913,0.000792,0.001066,0.018851,0.000316,0.000891,0.000173,0.000149,0.596838,6.253550,6.253358,1.776301,0.811317,0.346000,0.923599,0.035313,0.033024,3.935696,2.974142,2.949577,0
xpu,AlbertForQuestionAnswering,8,18.992315,1.135245,2.046589,0.166802,17.733522,0.129442,0.033471,0.112098,0.002613,0.615335,0.015605,16.753911,0.802125,0.151976,0.009010,0.000047,0.000886,0.000030,15.930006,0.466888,3.463221,2.871232,0.047723,0.108344,2.139765,1.091723,0.014575,1.080788,7.726532,26.652297,26.604259,0.644441,1.947842,0.000984,0.000089,0.019385,0.000070,0.000028,0.434059,0.415319,0.006419,0.008192,0.171471,0.000218,0.006544,0.000131,0.000082,3.303877,19.798599,19.798474,10.604413,5.350924,2.951264,5.057700,0.182347,9.189229,9.142015,0.054622,6.152119,19.020804,18.926499,0,0,0,0
xpu,LayoutLMForSequenceClassification,32,32.560415,2.667744,5.945564,2.017593,29.444454,0.548428,0.363453,0.424735,0.002490,1.133902,0.049094,25.979846,0.590258,0.146260,0.015185,0.000079,0.002227,0.000080,25.268570,0.837983,6.289347,4.163297,0.091374,0.200006,2.824939,1.037131,0.309381,2.517360,10.776816,23.655627,23.552978,0.763221,2.178202,0.001081,0.000079,0.022168,0.000059,0.000028,0.368039,0.390534,0.007587,0.008704,0.507580,0.000214,0.007538,0.000137,0.000082,4.145803,13.665998,13.665876,12.639453,5.144044,2.467406,7.149408,0.314693,1.117096,0.970756,0.024215,5.210641,13.061475,12.880656,0.007137,0.003503,0.023543,0
xpu,PegasusForConditionalGeneration,64,17.018921,14.212011,2.420981,1.184833,2.264310,0.062206,0.271717,0.503301,0.012079,0.297530,0.015469,13.827204,0.592295,0.147166,0.009053,0.000284,0.000844,0.000260,12.057560,0.188220,10.030947,0.852245,0.012584,0.032726,0.502101,0.003566,15.433606,1.035361,15.417854,0.002091,0.000847,9.597731,0.004276,9.560442,0.813091,0.215321,0.184740,0.394405,0.000573,0.000192,0.005786,0.000137,0.000081,0.113600,0.084019,0.001829,0.002220,0.045397,0.000492,0.001884,0.000271,0.000230,1.287674,13.009809,13.009510,3.421741,1.496151,0.700708,1.835213,0.079624,0.030647,6.254019,0.010486,5.702635,5.655908
xpu,T5ForConditionalGeneration,4,32.625204,1.821442,3.716122,0.638132,30.548121,0.256520,0.140784,0.236181,0.001456,0.990524,0.035272,28.528190,0.588075,0.145024,0.014008,0.000045,0.001929,0.000030,27.887243,0.665734,4.320646,1.922104,0.070454,0.124027,1.106057,0.002796,1.435555,19.140345,31.471675,31.042627,1.048619,0.909377,1.784603,0.001182,0.000081,0.026971,0.000062,0.000029,0.533651,0.010275,0.008262,0.010363,0.215354,0.000195,0.008081,0.000142,0.000080,4.263874,21.434288,21.434163,12.641352,5.787155,3.428725,6.482941,0.337930,8.787773,8.703042,0.034445,5.052694,12.439842,12.332263,0,0,0,0
xpu,MegatronBertForCausalLM,4,47.858478,2.504651,4.596282,1.268972,44.968544,0.312832,0.350630,0.362623,0.001905,1.076481,0.045069,42.690209,0.826270,0.143862,0.015425,0.000050,0.002082,0.000033,44.056104,1.084099,7.831964,5.432352,0.093243,0.194862,4.380908,0.026548,2.941568,25.661297,46.033669,45.932084,1.035520,1.432761,4.443623,0.001849,0.000082,0.043414,0.000063,0.000029,0.917266,0.784660,0.013814,0.016314,0.367076,0.000208,0.013668,0.000144,0.000082,7.534916,28.921491,28.921354,28.679035,14.851299,9.962611,13.106958,0.668034,0.234183,0.094825,0.020440,3.986301,20.550345,20.373764,0,0,0,0
xpu,DebertaV2ForQuestionAnswering,8,39.556902,2.700022,4.991859,1.422653,36.483015,0.406470,0.342830,0.341809,0.002153,1.248543,0.055137,33.988461,0.886361,0.150353,0.017762,0.000054,0.002718,0.000034,32.986439,0.857065,6.543287,3.859560,0.094532,0.226043,2.797260,1.085982,0.025457,2.601186,18.478518,39.776483,39.679512,1.394259,4.009976,0.001941,0.000086,0.043542,0.000074,0.000029,0.925948,0.805158,0.014345,0.214970,0.364917,0.000222,0.013556,0.000143,0.000081,7.925921,23.654743,23.654616,23.150101,9.866353,5.328587,12.536531,0.691624,0.497296,0.357579,0.017078,3.242145,21.473231,21.299390,0,0,0,0
xpu,BlenderbotSmallForConditionalGeneration,128,15.667632,12.861237,2.093836,0.620736,2.280173,0.063781,0.089706,0.484893,0.015511,0.517757,0.015769,12.606114,0.604072,0.152006,0.008983,0.000276,0.000801,0.000251,10.780013,0.187646,8.725415,0.900375,0.012165,0.032828,0.549352,0.003493,13.221805,1.080485,13.202944,0.002234,0.000857,7.593614,0.004582,7.553619,0.804739,0.219048,0.176863,0.396944,0.000542,0.000193,0.005427,0.000142,0.000080,0.108962,0.093448,0.001765,0.002118,0.044198,0.000478,0.001794,0.000278,0.000229,0.985767,11.112898,11.112605,3.531430,1.643870,0.574364,1.800680,0.076489,0.022890,3.013568,0.012442,4.801012,4.750901
xpu,YituTechConvBert,16,34.350592,2.016535,3.872697,0.993632,31.987849,0.295259,0.272818,0.327652,0.002021,0.992887,0.039883,29.942565,0.593154,0.146490,0.013741,0.000047,0.001737,0.000032,30.400194,0.988717,5.690097,4.795208,0.076203,0.420750,3.772243,1.084513,0.015290,1.752504,16.417821,35.860144,35.766560,1.045446,3.291600,0.001443,0.000080,0.037356,0.000069,0.000029,0.785069,0.413229,0.011381,0.014181,0.752687,0.000218,0.010699,0.000145,0.000080,6.285430,23.013160,23.013014,20.138228,8.531193,5.007038,11.010223,0.554574,2.868032,2.763280,0.054726,9.610420,19.697763,19.443961,0,0,0,0
xpu,T5Small,4,15.453861,1.818439,3.665250,0.631943,13.374588,0.255081,0.138728,0.241296,0.001545,0.989207,0.035545,11.405001,0.594029,0.144305,0.014431,0.000049,0.001935,0.000032,10.756795,0.669438,4.379312,1.938119,0.071914,0.127551,1.124649,0.002828,1.426475,1.934991,2.834832,2.410686,1.051953,0.007604,0.003669,0.106778,0.025160,0.023384,1.004342,0.900799,0,0,0,0,0,0,0,0,0,0,0,0,0,0,0,0,0,0,0,0,0,0,0,0,0,0,0
xpu,M2M100ForConditionalGeneration,16,35.384103,33.650189,2.147114,0.886118,1.246167,0.066579,0.080413,0.453055,0.009546,0.299225,0.014361,32.325018,0.593892,0.144897,0.009032,0.000274,0.000792,0.000254,30.561860,0.184853,28.746872,0.588852,0.013007,0.031248,0.228150,0.003521,33.698559,1.041207,0.805852,0.224625,33.682691,0.002107,0.000861,27.827021,0.004463,27.789436,0.180103,0.403768,0.000452,0.000188,0.005641,0.000131,0.000080,0.108873,0.095535,0.001761,0.002067,0.047318,0.000482,0.001853,0.000273,0.000233,1.001303,31.531991,31.531699,3.715521,1.772942,0.693694,1.850804,0.080539,0.028940,4.886907,0.004571,5.184762,5.135376
xpu,DistilBertForMaskedLM,128,24.347685,0.819937,1.452770,0.378502,23.350813,0.084223,0.100901,0.168749,0.001105,0.369872,0.013343,22.638141,0.796537,0.147213,0.006765,0.000050,0.000527,0.000029,21.804340,0.268793,1.647752,1.997971,0.024789,0.057275,1.614346,1.053792,0.007837,0.750906,16.961402,24.064840,24.032688,0.369832,0.999012,0.000568,0.000078,0.011036,0.000057,0.000029,0.245294,0.198642,0.003543,0.004074,0.093964,0.000177,0.003617,0.000098,0.000077,1.940069,19.965731,19.965621,6.828835,3.056189,1.487926,3.611702,0.145867,13.133402,13.093727,0.023607,4.151883,7.149080,7.104077,0,0,0,0
xpu,TrOCRForCausalLM,32,6.177536,4.975462,0.687298,0.255462,0.909354,0.024385,0.033249,0.275337,0.005950,0.162228,0.008198,4.878063,0.586418,0.145253,0.008044,0.000222,0.000544,0.000191,3.172922,0.111269,2.247202,0.400709,0.004901,0.014519,0.114304,0.001769,5.142712,1.043295,0.381851,0.102170,5.133130,0.001718,0.000695,2.066103,0.003460,2.041241,0.084966,0.184420,0.000226,0.000131,0.002632,0.000088,0.000054,0.053553,0.036547,0.000799,0.001056,0.018153,0.000307,0.000848,0.000174,0.000150,0.479691,4.065788,4.065599,2.009690,1.079949,0.357215,0.886711,0.036713,0.012743,2.086284,3.100838,3.072029,0
xpu,MBartForCausalLM,4,6.747773,5.482229,1.526493,0.635177,0.924585,0.045637,0.045352,0.315799,0.007830,0.224002,0.009488,4.731061,0.585107,0.143969,0.008552,0.000243,0.000597,0.000220,3.028399,0.371778,1.804326,0.396680,0.005071,0.016991,0.108460,0.001813,4.236513,1.035371,0.395251,0.107999,4.224952,0.001850,0.000721,1.439888,0.003877,1.413900,0.083020,0.180557,0.000267,0.000127,0.002610,0.000089,0.000055,0.054642,0.029198,0.000817,0.001124,0.019215,0.000307,0.000874,0.000175,0.000147,0.489919,3.140703,3.140512,1.711566,0.792560,0.381743,0.877462,0.035572,0.012016,1.332932,2.637516,2.609880,0
xpu,AllenaiLongformerBase,4,49.962469,46.347409,4.977460,0.878396,3.172570,0.300348,0.332177,0.413307,0.005659,1.202800,0.090633,44.261311,0.734506,0.147454,0.026287,0.000217,0.003868,0.000184,41.935777,1.732749,23.509875,3.750441,0.156433,0.334587,2.312887,0.016484,51.965913,1.086437,9.738776,2.787342,51.892144,0.001483,0.000644,7.268732,0.004461,7.179356,1.287158,4.289447,0.001803,0.000140,0.066471,0.000112,0.000055,0.482747,0.096878,0.012118,0.014194,2.671277,0.000395,0.011553,0.000233,0.000163,7.986940,36.420338,36.420113,29.158221,12.542295,5.497690,16.153353,0.431866,0.044501,9.784155,29.147465,28.834959,0
xpu,XGLMForCausalLM,8,7.424372,6.216833,1.245184,0.343217,0.909947,0.035542,0.035367,0.273540,0.007813,0.192647,0.008815,5.738640,0.587815,0.144935,0.009492,0.000223,0.000553,0.000196,4.034232,0.118520,3.096263,0.392781,0.005604,0.015906,0.097530,0.001740,8.700889,1.037881,0.389975,0.099015,8.468878,0.001510,0.000618,5.463871,0.003157,5.440648,0.084363,0.176123,0.000240,0.000134,0.002519,0.000087,0.000054,0.054273,0.029460,0.000844,0.001164,0.020529,0.000305,0.000903,0.000182,0.000158,0.527790,7.359294,7.359097,1.903511,0.892263,0.383555,0.969253,0.035686,0.017375,3.509549,5.811607,5.785066,0
xpu,MegatronBertForQuestionAnswering,16,47.812072,2.483233,4.556364,1.258270,44.960217,0.314513,0.344460,0.347094,0.001866,1.267165,0.043650,42.700997,0.841793,0.145401,0.014489,0.000050,0.001997,0.000034,44.019532,1.069506,7.738965,6.520505,0.092074,0.197284,5.476384,1.033300,0.026113,2.905171,24.711148,46.095926,45.998502,1.407156,3.817070,0.001887,0.000081,0.042742,0.000064,0.000028,0.930986,0.786103,0.013963,0.016946,0.364859,0.000217,0.013836,0.000144,0.000083,8.285283,29.922966,29.922831,28.821957,15.238042,10.531649,12.868389,0.662737,1.093271,0.961739,0.019306,3.836314,21.558128,21.386104,0,0,0,0
xpu,MBartForConditionalGeneration,4,11.345008,8.372934,2.317909,0.691108,2.445407,0.066814,0.092663,0.487821,0.013145,0.495211,0.016253,8.270981,0.588544,0.142901,0.008105,0.000231,0.000674,0.000195,6.473325,0.178139,4.760155,0.585219,0.012177,0.030596,0.236129,0.003712,7.588930,1.036277,7.573628,0.004461,0.001917,2.844197,0.011558,2.801635,0.034081,0.820763,0.221137,0.146932,0.351348,0.000480,0.000158,0.004290,0.000107,0.000066,0.100152,0.083674,0.001515,0.001764,0.036699,0.000395,0.001496,0.000221,0.000191,0.811068,5.760095,5.759850,2.943724,1.432005,0.546638,1.440251,0.062820,0.013485,0.830315,3.130966,3.078191
xpu,BartForCausalLM,4,6.029939,4.759434,1.458172,0.583965,0.931552,0.044944,0.045931,0.315038,0.006914,0.222000,0.009628,4.084719,0.593956,0.147571,0.005989,0.000100,0.000240,0.000088,2.251197,0.084441,1.548854,0.350292,0.004018,0.010698,0.073573,0.001176,4.267864,1.095743,0.059029,0.002817,0.001158,1.912934,0.007133,1.886734,0.308294,0.081002,4.262432,0.062609,0.145580,0.000155,0.000072,0.001908,0.000044,0.000026,0.034877,0.034254,0.000598,0.000731,0.015442,0.000156,0.000598,0.000095,0.000075,0.626801,3.273637,3.273541,1.380390,0.644788,0.302983,0.703719,0.027684,0.009633,1.340833,2.906925,2.891788
xpu,DistilBertForQuestionAnswering,512,24.192772,0.815161,1.439555,0.364645,23.210522,0.084342,0.098290,0.158122,0.002068,0.366782,0.011670,22.508680,0.765291,0.146391,0.006475,0.000054,0.000529,0.000031,21.707459,0.266167,1.647500,2.019645,0.024038,0.055848,1.639029,1.096688,0.007645,0.686908,16.911031,23.981283,23.949058,0.366012,1.010712,0.000563,0.000080,0.010649,0.000055,0.000027,0.250018,0.206782,0.003620,0.004341,0.094637,0.000193,0.003683,0.000103,0.000078,1.920910,19.901193,19.901078,6.648050,2.851690,1.300644,3.640254,0.141310,13.249662,13.213108,0.021238,4.322957,7.115515,7.070886,0,0,0,0
xpu,BartForConditionalGeneration,4,9.901106,6.855866,2.277834,0.978556,2.503620,0.069577,0.095463,0.501308,0.013653,0.318672,0.015692,6.656352,0.590225,0.148079,0.007058,0.000189,0.000556,0.000169,4.802762,0.171266,3.135604,0.580102,0.012346,0.031764,0.235299,0.003457,5.360144,1.081498,5.346392,0.006224,0.002703,1.193862,0.015643,1.152696,0.045063,0.800084,0.220150,0.130615,0.333167,0.000265,0.000112,0.003878,0.000069,0.000042,0.081567,0.094914,0.001240,0.001459,0.032296,0.000242,0.001174,0.000140,0.000115,0.729353,3.706190,3.706042,2.549534,0.966907,0.418250,1.522348,0.053534,0.009952,2.514223,2.470609,0.476481
xpu,DistillGPT2,16,15.565598,2.313381,2.814154,0.618886,12.945572,0.196843,0.152671,0.282507,0.004321,0.665956,0.016717,12.325100,0.596038,0.149517,0.009465,0.000137,0.000850,0.000110,10.508052,0.274087,7.062938,1.209008,0.021506,0.050027,0.579380,0.008038,12.219073,1.083296,1.636269,0.490297,12.195497,0.354084,0.695412,0.000524,0.000075,0.010691,0.000057,0.000028,0.206736,0.123961,0.003105,0.003527,0.084427,0.000166,0.002999,0.000102,0.000077,2.104443,8.434010,8.433901,6.426719,2.931656,1.423211,3.368482,0.113032,2.008835,1.972345,0.020897,4.365387,0.000658,0.000261,0.001862,5.588554,5.506761,0
xpu,BertForMaskedLM,16,22.499314,1.384539,2.727926,0.847206,20.499223,0.161140,0.336082,0.603738,0.001519,0.597074,0.020967,19.045050,0.586406,0.146426,0.008929,0.000049,0.000972,0.000029,18.395910,0.448785,3.365375,2.578665,0.045378,0.105537,1.965702,1.092837,0.013790,1.219956,10.436365,21.438400,21.382246,0.739340,1.939137,0.001167,0.000078,0.022178,0.000062,0.000030,0.470548,0.389894,0.006920,0.008137,0.185054,0.000187,0.007247,0.000124,0.000081,3.904891,13.424428,13.424315,12.616194,5.953710,3.541143,6.343721,0.290958,0.803781,0.734973,0.010979,11.089812,11.002928,0.239786,0,0,0,0
xpu,ElectraForCausalLM,32,32.270568,1.431414,2.797178,0.866696,30.578916,0.164915,0.349428,0.248858,0.001584,0.631209,0.022183,29.099595,0.587272,0.146341,0.008881,0.000046,0.001002,0.000032,28.449464,0.473624,3.444582,2.694609,0.046573,0.109287,2.072178,1.096337,0.013843,1.221450,20.275495,33.039484,32.986743,0.735920,1.933376,0.001021,0.000075,0.021581,0.000062,0.000030,0.470554,0.392887,0.006767,0.007620,0.188322,0.000195,0.006706,0.000131,0.000082,4.121114,24.775596,24.775487,13.941425,6.234116,3.579489,7.365614,0.314237,10.829204,10.757321,0.025538,4.250803,12.850613,12.764833,0,0,0,0
xpu,MobileBertForMaskedLM,128,68.668823,4.720408,9.493765,3.559164,63.177481,0.711535,0.962766,0.721014,0.001348,2.169424,0.095221,57.958996,0.577649,0.145351,0.024222,0.000050,0.004039,0.000037,57.090979,1.531480,11.980957,5.937703,0.183677,0.347296,4.660889,1.034007,0.003880,3.757988,32.806050,79.260028,79.091621,2.140891,7.503537,0.002904,0.000084,0.070333,0.000063,0.000029,1.341513,1.882410,0.021938,0.023766,0.614451,0.000184,0.022734,0.000142,0.000087,11.648524,52.055522,52.055377,44.909084,16.576021,8.751454,25.720011,2.493593,7.132190,6.820110,0.038460,7.792498,46.767153,46.456324,0,0,0,0
xpu,MobileBertForQuestionAnswering,256,68.803268,4.668119,9.386433,3.601726,63.370596,0.711082,1.132720,0.713628,0.002095,1.925380,0.090684,58.214222,0.575555,0.142359,0.024185,0.000051,0.004039,0.000039,57.350624,1.516701,11.764986,5.998032,0.181568,0.346695,4.725218,1.038589,0.003737,3.743943,33.261972,79.204343,79.035251,2.130044,7.496769,0.002896,0.000074,0.070438,0.000062,0.000028,1.372106,1.883470,0.022095,0.024833,0.600146,0.000174,0.021970,0.000143,0.000085,11.700908,51.978346,51.978204,44.043084,16.264676,8.800760,25.228467,2.431878,7.921419,7.610532,0.032243,7.053958,46.257779,45.944675,0,0,0,0
xpu,OPTForCausalLM,2,7.609516,6.420497,1.248832,0.310702,0.891697,0.039247,0.036055,0.274761,0.007779,0.214419,0.007474,5.939058,0.580457,0.142454,0.007066,0.000190,0.000486,0.000165,4.254767,0.117844,3.423220,0.377214,0.004717,0.015182,0.092995,0.001681,6.688266,1.030594,6.679786,0.000978,0.000406,3.607295,0.002120,3.585189,0.379910,0.097002,0.079391,0.174352,0.000234,0.000124,0.002335,0.000089,0.000057,0.050383,0.036392,0.000782,0.001024,0.018584,0.000304,0.000849,0.000171,0.000150,0.490371,5.645999,5.645817,2.044228,1.031346,0.318068,0.972039,0.035045,0.018052,3.498470,3.532032,3.508309,0
